split,class_name,file_path,width,height
test,cardboard,data\test\cardboard\cardboard101.jpg,512,384
test,cardboard,data\test\cardboard\cardboard11.jpg,512,384
test,cardboard,data\test\cardboard\cardboard110.jpg,512,384
test,cardboard,data\test\cardboard\cardboard112.jpg,512,384
test,cardboard,data\test\cardboard\cardboard113.jpg,512,384
test,cardboard,data\test\cardboard\cardboard119.jpg,512,384
test,cardboard,data\test\cardboard\cardboard135.jpg,512,384
test,cardboard,data\test\cardboard\cardboard139.jpg,512,384
test,cardboard,data\test\cardboard\cardboard141.jpg,512,384
test,cardboard,data\test\cardboard\cardboard143.jpg,512,384
test,cardboard,data\test\cardboard\cardboard146.jpg,512,384
test,cardboard,data\test\cardboard\cardboard150.jpg,512,384
test,cardboard,data\test\cardboard\cardboard156.jpg,512,384
test,cardboard,data\test\cardboard\cardboard163.jpg,512,384
test,cardboard,data\test\cardboard\cardboard170.jpg,512,384
test,cardboard,data\test\cardboard\cardboard172.jpg,512,384
test,cardboard,data\test\cardboard\cardboard190.jpg,512,384
test,cardboard,data\test\cardboard\cardboard199.jpg,512,384
test,cardboard,data\test\cardboard\cardboard2.jpg,512,384
test,cardboard,data\test\cardboard\cardboard20.jpg,512,384
test,cardboard,data\test\cardboard\cardboard201.jpg,512,384
test,cardboard,data\test\cardboard\cardboard206.jpg,512,384
test,cardboard,data\test\cardboard\cardboard211.jpg,512,384
test,cardboard,data\test\cardboard\cardboard220.jpg,512,384
test,cardboard,data\test\cardboard\cardboard225.jpg,512,384
test,cardboard,data\test\cardboard\cardboard227.jpg,512,384
test,cardboard,data\test\cardboard\cardboard234.jpg,512,384
test,cardboard,data\test\cardboard\cardboard254.jpg,512,384
test,cardboard,data\test\cardboard\cardboard256.jpg,512,384
test,cardboard,data\test\cardboard\cardboard258.jpg,512,384
test,cardboard,data\test\cardboard\cardboard264.jpg,512,384
test,cardboard,data\test\cardboard\cardboard273.jpg,512,384
test,cardboard,data\test\cardboard\cardboard274.jpg,512,384
test,cardboard,data\test\cardboard\cardboard292.jpg,512,384
test,cardboard,data\test\cardboard\cardboard294.jpg,512,384
test,cardboard,data\test\cardboard\cardboard305.jpg,512,384
test,cardboard,data\test\cardboard\cardboard310.jpg,512,384
test,cardboard,data\test\cardboard\cardboard331.jpg,512,384
test,cardboard,data\test\cardboard\cardboard346.jpg,512,384
test,cardboard,data\test\cardboard\cardboard350.jpg,512,384
test,cardboard,data\test\cardboard\cardboard353.jpg,512,384
test,cardboard,data\test\cardboard\cardboard358.jpg,512,384
test,cardboard,data\test\cardboard\cardboard370.jpg,512,384
test,cardboard,data\test\cardboard\cardboard371.jpg,512,384
test,cardboard,data\test\cardboard\cardboard377.jpg,512,384
test,cardboard,data\test\cardboard\cardboard378.jpg,512,384
test,cardboard,data\test\cardboard\cardboard389.jpg,512,384
test,cardboard,data\test\cardboard\cardboard394.jpg,512,384
test,cardboard,data\test\cardboard\cardboard399.jpg,512,384
test,cardboard,data\test\cardboard\cardboard48.jpg,512,384
test,cardboard,data\test\cardboard\cardboard58.jpg,512,384
test,cardboard,data\test\cardboard\cardboard6.jpg,512,384
test,cardboard,data\test\cardboard\cardboard66.jpg,512,384
test,cardboard,data\test\cardboard\cardboard68.jpg,512,384
test,cardboard,data\test\cardboard\cardboard76.jpg,512,384
test,cardboard,data\test\cardboard\cardboard78.jpg,512,384
test,cardboard,data\test\cardboard\cardboard82.jpg,512,384
test,cardboard,data\test\cardboard\cardboard85.jpg,512,384
test,cardboard,data\test\cardboard\cardboard88.jpg,512,384
test,cardboard,data\test\cardboard\cardboard90.jpg,512,384
test,cardboard,data\test\cardboard\cardboard96.jpg,512,384
test,glass,data\test\glass\glass10.jpg,512,384
test,glass,data\test\glass\glass102.jpg,512,384
test,glass,data\test\glass\glass11.jpg,512,384
test,glass,data\test\glass\glass115.jpg,512,384
test,glass,data\test\glass\glass117.jpg,512,384
test,glass,data\test\glass\glass118.jpg,512,384
test,glass,data\test\glass\glass119.jpg,512,384
test,glass,data\test\glass\glass122.jpg,512,384
test,glass,data\test\glass\glass133.jpg,512,384
test,glass,data\test\glass\glass141.jpg,512,384
test,glass,data\test\glass\glass146.jpg,512,384
test,glass,data\test\glass\glass150.jpg,512,384
test,glass,data\test\glass\glass158.jpg,512,384
test,glass,data\test\glass\glass159.jpg,512,384
test,glass,data\test\glass\glass167.jpg,512,384
test,glass,data\test\glass\glass168.jpg,512,384
test,glass,data\test\glass\glass170.jpg,512,384
test,glass,data\test\glass\glass173.jpg,512,384
test,glass,data\test\glass\glass174.jpg,512,384
test,glass,data\test\glass\glass180.jpg,512,384
test,glass,data\test\glass\glass181.jpg,512,384
test,glass,data\test\glass\glass196.jpg,512,384
test,glass,data\test\glass\glass208.jpg,512,384
test,glass,data\test\glass\glass213.jpg,512,384
test,glass,data\test\glass\glass214.jpg,512,384
test,glass,data\test\glass\glass22.jpg,512,384
test,glass,data\test\glass\glass226.jpg,512,384
test,glass,data\test\glass\glass240.jpg,512,384
test,glass,data\test\glass\glass252.jpg,512,384
test,glass,data\test\glass\glass262.jpg,512,384
test,glass,data\test\glass\glass264.jpg,512,384
test,glass,data\test\glass\glass267.jpg,512,384
test,glass,data\test\glass\glass27.jpg,512,384
test,glass,data\test\glass\glass287.jpg,512,384
test,glass,data\test\glass\glass289.jpg,512,384
test,glass,data\test\glass\glass29.jpg,512,384
test,glass,data\test\glass\glass294.jpg,512,384
test,glass,data\test\glass\glass296.jpg,512,384
test,glass,data\test\glass\glass298.jpg,512,384
test,glass,data\test\glass\glass302.jpg,512,384
test,glass,data\test\glass\glass350.jpg,512,384
test,glass,data\test\glass\glass353.jpg,512,384
test,glass,data\test\glass\glass357.jpg,512,384
test,glass,data\test\glass\glass358.jpg,512,384
test,glass,data\test\glass\glass368.jpg,512,384
test,glass,data\test\glass\glass385.jpg,512,384
test,glass,data\test\glass\glass391.jpg,512,384
test,glass,data\test\glass\glass393.jpg,512,384
test,glass,data\test\glass\glass406.jpg,512,384
test,glass,data\test\glass\glass407.jpg,512,384
test,glass,data\test\glass\glass413.jpg,512,384
test,glass,data\test\glass\glass417.jpg,512,384
test,glass,data\test\glass\glass424.jpg,512,384
test,glass,data\test\glass\glass438.jpg,512,384
test,glass,data\test\glass\glass439.jpg,512,384
test,glass,data\test\glass\glass440.jpg,512,384
test,glass,data\test\glass\glass444.jpg,512,384
test,glass,data\test\glass\glass454.jpg,512,384
test,glass,data\test\glass\glass459.jpg,512,384
test,glass,data\test\glass\glass46.jpg,512,384
test,glass,data\test\glass\glass466.jpg,512,384
test,glass,data\test\glass\glass468.jpg,512,384
test,glass,data\test\glass\glass469.jpg,512,384
test,glass,data\test\glass\glass473.jpg,512,384
test,glass,data\test\glass\glass481.jpg,512,384
test,glass,data\test\glass\glass484.jpg,512,384
test,glass,data\test\glass\glass49.jpg,512,384
test,glass,data\test\glass\glass494.jpg,512,384
test,glass,data\test\glass\glass496.jpg,512,384
test,glass,data\test\glass\glass54.jpg,512,384
test,glass,data\test\glass\glass55.jpg,512,384
test,glass,data\test\glass\glass64.jpg,512,384
test,glass,data\test\glass\glass65.jpg,512,384
test,glass,data\test\glass\glass66.jpg,512,384
test,glass,data\test\glass\glass80.jpg,512,384
test,glass,data\test\glass\glass88.jpg,512,384
test,metal,data\test\metal\metal104.jpg,512,384
test,metal,data\test\metal\metal122.jpg,512,384
test,metal,data\test\metal\metal123.jpg,512,384
test,metal,data\test\metal\metal126.jpg,512,384
test,metal,data\test\metal\metal129.jpg,512,384
test,metal,data\test\metal\metal132.jpg,512,384
test,metal,data\test\metal\metal136.jpg,512,384
test,metal,data\test\metal\metal138.jpg,512,384
test,metal,data\test\metal\metal144.jpg,512,384
test,metal,data\test\metal\metal146.jpg,512,384
test,metal,data\test\metal\metal151.jpg,512,384
test,metal,data\test\metal\metal153.jpg,512,384
test,metal,data\test\metal\metal157.jpg,512,384
test,metal,data\test\metal\metal168.jpg,512,384
test,metal,data\test\metal\metal169.jpg,512,384
test,metal,data\test\metal\metal171.jpg,512,384
test,metal,data\test\metal\metal184.jpg,512,384
test,metal,data\test\metal\metal195.jpg,512,384
test,metal,data\test\metal\metal197.jpg,512,384
test,metal,data\test\metal\metal202.jpg,512,384
test,metal,data\test\metal\metal209.jpg,512,384
test,metal,data\test\metal\metal213.jpg,512,384
test,metal,data\test\metal\metal215.jpg,512,384
test,metal,data\test\metal\metal220.jpg,512,384
test,metal,data\test\metal\metal23.jpg,512,384
test,metal,data\test\metal\metal233.jpg,512,384
test,metal,data\test\metal\metal236.jpg,512,384
test,metal,data\test\metal\metal239.jpg,512,384
test,metal,data\test\metal\metal24.jpg,512,384
test,metal,data\test\metal\metal256.jpg,512,384
test,metal,data\test\metal\metal274.jpg,512,384
test,metal,data\test\metal\metal284.jpg,512,384
test,metal,data\test\metal\metal291.jpg,512,384
test,metal,data\test\metal\metal297.jpg,512,384
test,metal,data\test\metal\metal301.jpg,512,384
test,metal,data\test\metal\metal302.jpg,512,384
test,metal,data\test\metal\metal306.jpg,512,384
test,metal,data\test\metal\metal315.jpg,512,384
test,metal,data\test\metal\metal319.jpg,512,384
test,metal,data\test\metal\metal32.jpg,512,384
test,metal,data\test\metal\metal325.jpg,512,384
test,metal,data\test\metal\metal34.jpg,512,384
test,metal,data\test\metal\metal354.jpg,512,384
test,metal,data\test\metal\metal356.jpg,512,384
test,metal,data\test\metal\metal359.jpg,512,384
test,metal,data\test\metal\metal361.jpg,512,384
test,metal,data\test\metal\metal363.jpg,512,384
test,metal,data\test\metal\metal365.jpg,512,384
test,metal,data\test\metal\metal370.jpg,512,384
test,metal,data\test\metal\metal374.jpg,512,384
test,metal,data\test\metal\metal379.jpg,512,384
test,metal,data\test\metal\metal380.jpg,512,384
test,metal,data\test\metal\metal384.jpg,512,384
test,metal,data\test\metal\metal385.jpg,512,384
test,metal,data\test\metal\metal388.jpg,512,384
test,metal,data\test\metal\metal39.jpg,512,384
test,metal,data\test\metal\metal393.jpg,512,384
test,metal,data\test\metal\metal403.jpg,512,384
test,metal,data\test\metal\metal46.jpg,512,384
test,metal,data\test\metal\metal51.jpg,512,384
test,metal,data\test\metal\metal77.jpg,512,384
test,metal,data\test\metal\metal93.jpg,512,384
test,paper,data\test\paper\paper100.jpg,512,384
test,paper,data\test\paper\paper106.jpg,512,384
test,paper,data\test\paper\paper111.jpg,512,384
test,paper,data\test\paper\paper112.jpg,512,384
test,paper,data\test\paper\paper118.jpg,512,384
test,paper,data\test\paper\paper121.jpg,512,384
test,paper,data\test\paper\paper122.jpg,512,384
test,paper,data\test\paper\paper129.jpg,512,384
test,paper,data\test\paper\paper133.jpg,512,384
test,paper,data\test\paper\paper140.jpg,512,384
test,paper,data\test\paper\paper145.jpg,512,384
test,paper,data\test\paper\paper155.jpg,512,384
test,paper,data\test\paper\paper157.jpg,512,384
test,paper,data\test\paper\paper162.jpg,512,384
test,paper,data\test\paper\paper18.jpg,512,384
test,paper,data\test\paper\paper183.jpg,512,384
test,paper,data\test\paper\paper189.jpg,512,384
test,paper,data\test\paper\paper190.jpg,512,384
test,paper,data\test\paper\paper199.jpg,512,384
test,paper,data\test\paper\paper20.jpg,512,384
test,paper,data\test\paper\paper205.jpg,512,384
test,paper,data\test\paper\paper206.jpg,512,384
test,paper,data\test\paper\paper208.jpg,512,384
test,paper,data\test\paper\paper211.jpg,512,384
test,paper,data\test\paper\paper212.jpg,512,384
test,paper,data\test\paper\paper214.jpg,512,384
test,paper,data\test\paper\paper219.jpg,512,384
test,paper,data\test\paper\paper22.jpg,512,384
test,paper,data\test\paper\paper223.jpg,512,384
test,paper,data\test\paper\paper228.jpg,512,384
test,paper,data\test\paper\paper232.jpg,512,384
test,paper,data\test\paper\paper235.jpg,512,384
test,paper,data\test\paper\paper241.jpg,512,384
test,paper,data\test\paper\paper248.jpg,512,384
test,paper,data\test\paper\paper26.jpg,512,384
test,paper,data\test\paper\paper274.jpg,512,384
test,paper,data\test\paper\paper289.jpg,512,384
test,paper,data\test\paper\paper290.jpg,512,384
test,paper,data\test\paper\paper295.jpg,512,384
test,paper,data\test\paper\paper299.jpg,512,384
test,paper,data\test\paper\paper3.jpg,512,384
test,paper,data\test\paper\paper302.jpg,512,384
test,paper,data\test\paper\paper313.jpg,512,384
test,paper,data\test\paper\paper314.jpg,512,384
test,paper,data\test\paper\paper315.jpg,512,384
test,paper,data\test\paper\paper316.jpg,512,384
test,paper,data\test\paper\paper323.jpg,512,384
test,paper,data\test\paper\paper33.jpg,512,384
test,paper,data\test\paper\paper340.jpg,512,384
test,paper,data\test\paper\paper342.jpg,512,384
test,paper,data\test\paper\paper353.jpg,512,384
test,paper,data\test\paper\paper354.jpg,512,384
test,paper,data\test\paper\paper357.jpg,512,384
test,paper,data\test\paper\paper370.jpg,512,384
test,paper,data\test\paper\paper378.jpg,512,384
test,paper,data\test\paper\paper38.jpg,512,384
test,paper,data\test\paper\paper400.jpg,512,384
test,paper,data\test\paper\paper401.jpg,512,384
test,paper,data\test\paper\paper406.jpg,512,384
test,paper,data\test\paper\paper429.jpg,512,384
test,paper,data\test\paper\paper43.jpg,512,384
test,paper,data\test\paper\paper433.jpg,512,384
test,paper,data\test\paper\paper438.jpg,512,384
test,paper,data\test\paper\paper439.jpg,512,384
test,paper,data\test\paper\paper440.jpg,512,384
test,paper,data\test\paper\paper441.jpg,512,384
test,paper,data\test\paper\paper450.jpg,512,384
test,paper,data\test\paper\paper457.jpg,512,384
test,paper,data\test\paper\paper462.jpg,512,384
test,paper,data\test\paper\paper463.jpg,512,384
test,paper,data\test\paper\paper466.jpg,512,384
test,paper,data\test\paper\paper475.jpg,512,384
test,paper,data\test\paper\paper476.jpg,512,384
test,paper,data\test\paper\paper481.jpg,512,384
test,paper,data\test\paper\paper486.jpg,512,384
test,paper,data\test\paper\paper508.jpg,512,384
test,paper,data\test\paper\paper509.jpg,512,384
test,paper,data\test\paper\paper517.jpg,512,384
test,paper,data\test\paper\paper518.jpg,512,384
test,paper,data\test\paper\paper527.jpg,512,384
test,paper,data\test\paper\paper533.jpg,512,384
test,paper,data\test\paper\paper550.jpg,512,384
test,paper,data\test\paper\paper553.jpg,512,384
test,paper,data\test\paper\paper594.jpg,512,384
test,paper,data\test\paper\paper6.jpg,512,384
test,paper,data\test\paper\paper62.jpg,512,384
test,paper,data\test\paper\paper64.jpg,512,384
test,paper,data\test\paper\paper69.jpg,512,384
test,paper,data\test\paper\paper81.jpg,512,384
test,paper,data\test\paper\paper95.jpg,512,384
test,plastic,data\test\plastic\plastic100.jpg,512,384
test,plastic,data\test\plastic\plastic106.jpg,512,384
test,plastic,data\test\plastic\plastic107.jpg,512,384
test,plastic,data\test\plastic\plastic110.jpg,512,384
test,plastic,data\test\plastic\plastic111.jpg,512,384
test,plastic,data\test\plastic\plastic116.jpg,512,384
test,plastic,data\test\plastic\plastic120.jpg,512,384
test,plastic,data\test\plastic\plastic123.jpg,512,384
test,plastic,data\test\plastic\plastic128.jpg,512,384
test,plastic,data\test\plastic\plastic135.jpg,512,384
test,plastic,data\test\plastic\plastic136.jpg,512,384
test,plastic,data\test\plastic\plastic144.jpg,512,384
test,plastic,data\test\plastic\plastic15.jpg,512,384
test,plastic,data\test\plastic\plastic155.jpg,512,384
test,plastic,data\test\plastic\plastic162.jpg,512,384
test,plastic,data\test\plastic\plastic163.jpg,512,384
test,plastic,data\test\plastic\plastic165.jpg,512,384
test,plastic,data\test\plastic\plastic166.jpg,512,384
test,plastic,data\test\plastic\plastic168.jpg,512,384
test,plastic,data\test\plastic\plastic199.jpg,512,384
test,plastic,data\test\plastic\plastic201.jpg,512,384
test,plastic,data\test\plastic\plastic207.jpg,512,384
test,plastic,data\test\plastic\plastic208.jpg,512,384
test,plastic,data\test\plastic\plastic209.jpg,512,384
test,plastic,data\test\plastic\plastic21.jpg,512,384
test,plastic,data\test\plastic\plastic217.jpg,512,384
test,plastic,data\test\plastic\plastic230.jpg,512,384
test,plastic,data\test\plastic\plastic231.jpg,512,384
test,plastic,data\test\plastic\plastic233.jpg,512,384
test,plastic,data\test\plastic\plastic238.jpg,512,384
test,plastic,data\test\plastic\plastic246.jpg,512,384
test,plastic,data\test\plastic\plastic253.jpg,512,384
test,plastic,data\test\plastic\plastic271.jpg,512,384
test,plastic,data\test\plastic\plastic277.jpg,512,384
test,plastic,data\test\plastic\plastic281.jpg,512,384
test,plastic,data\test\plastic\plastic290.jpg,512,384
test,plastic,data\test\plastic\plastic292.jpg,512,384
test,plastic,data\test\plastic\plastic294.jpg,512,384
test,plastic,data\test\plastic\plastic297.jpg,512,384
test,plastic,data\test\plastic\plastic305.jpg,512,384
test,plastic,data\test\plastic\plastic31.jpg,512,384
test,plastic,data\test\plastic\plastic315.jpg,512,384
test,plastic,data\test\plastic\plastic316.jpg,512,384
test,plastic,data\test\plastic\plastic329.jpg,512,384
test,plastic,data\test\plastic\plastic330.jpg,512,384
test,plastic,data\test\plastic\plastic336.jpg,512,384
test,plastic,data\test\plastic\plastic342.jpg,512,384
test,plastic,data\test\plastic\plastic346.jpg,512,384
test,plastic,data\test\plastic\plastic351.jpg,512,384
test,plastic,data\test\plastic\plastic364.jpg,512,384
test,plastic,data\test\plastic\plastic374.jpg,512,384
test,plastic,data\test\plastic\plastic38.jpg,512,384
test,plastic,data\test\plastic\plastic383.jpg,512,384
test,plastic,data\test\plastic\plastic386.jpg,512,384
test,plastic,data\test\plastic\plastic390.jpg,512,384
test,plastic,data\test\plastic\plastic394.jpg,512,384
test,plastic,data\test\plastic\plastic399.jpg,512,384
test,plastic,data\test\plastic\plastic42.jpg,512,384
test,plastic,data\test\plastic\plastic424.jpg,512,384
test,plastic,data\test\plastic\plastic428.jpg,512,384
test,plastic,data\test\plastic\plastic43.jpg,512,384
test,plastic,data\test\plastic\plastic434.jpg,512,384
test,plastic,data\test\plastic\plastic449.jpg,512,384
test,plastic,data\test\plastic\plastic457.jpg,512,384
test,plastic,data\test\plastic\plastic464.jpg,512,384
test,plastic,data\test\plastic\plastic465.jpg,512,384
test,plastic,data\test\plastic\plastic481.jpg,512,384
test,plastic,data\test\plastic\plastic482.jpg,512,384
test,plastic,data\test\plastic\plastic5.jpg,512,384
test,plastic,data\test\plastic\plastic51.jpg,512,384
test,plastic,data\test\plastic\plastic57.jpg,512,384
test,plastic,data\test\plastic\plastic93.jpg,512,384
test,plastic,data\test\plastic\plastic94.jpg,512,384
test,trash,data\test\trash\trash102.jpg,512,384
test,trash,data\test\trash\trash111.jpg,512,384
test,trash,data\test\trash\trash134.jpg,512,384
test,trash,data\test\trash\trash136.jpg,512,384
test,trash,data\test\trash\trash137.jpg,512,384
test,trash,data\test\trash\trash18.jpg,512,384
test,trash,data\test\trash\trash23.jpg,512,384
test,trash,data\test\trash\trash42.jpg,512,384
test,trash,data\test\trash\trash44.jpg,512,384
test,trash,data\test\trash\trash53.jpg,512,384
test,trash,data\test\trash\trash55.jpg,512,384
test,trash,data\test\trash\trash59.jpg,512,384
test,trash,data\test\trash\trash66.jpg,512,384
test,trash,data\test\trash\trash67.jpg,512,384
test,trash,data\test\trash\trash76.jpg,512,384
test,trash,data\test\trash\trash8.jpg,512,384
test,trash,data\test\trash\trash85.jpg,512,384
test,trash,data\test\trash\trash89.jpg,512,384
test,trash,data\test\trash\trash92.jpg,512,384
test,trash,data\test\trash\trash93.jpg,512,384
test,trash,data\test\trash\trash96.jpg,512,384
test,trash,data\test\trash\trash97.jpg,512,384
train,cardboard,data\train\cardboard\cardboard1.jpg,512,384
train,cardboard,data\train\cardboard\cardboard10.jpg,512,384
train,cardboard,data\train\cardboard\cardboard100.jpg,512,384
train,cardboard,data\train\cardboard\cardboard102.jpg,512,384
train,cardboard,data\train\cardboard\cardboard103.jpg,512,384
train,cardboard,data\train\cardboard\cardboard104.jpg,512,384
train,cardboard,data\train\cardboard\cardboard105.jpg,512,384
train,cardboard,data\train\cardboard\cardboard106.jpg,512,384
train,cardboard,data\train\cardboard\cardboard107.jpg,512,384
train,cardboard,data\train\cardboard\cardboard108.jpg,512,384
train,cardboard,data\train\cardboard\cardboard109.jpg,512,384
train,cardboard,data\train\cardboard\cardboard111.jpg,512,384
train,cardboard,data\train\cardboard\cardboard114.jpg,512,384
train,cardboard,data\train\cardboard\cardboard115.jpg,512,384
train,cardboard,data\train\cardboard\cardboard116.jpg,512,384
train,cardboard,data\train\cardboard\cardboard117.jpg,512,384
train,cardboard,data\train\cardboard\cardboard118.jpg,512,384
train,cardboard,data\train\cardboard\cardboard120.jpg,512,384
train,cardboard,data\train\cardboard\cardboard121.jpg,512,384
train,cardboard,data\train\cardboard\cardboard122.jpg,512,384
train,cardboard,data\train\cardboard\cardboard123.jpg,512,384
train,cardboard,data\train\cardboard\cardboard125.jpg,512,384
train,cardboard,data\train\cardboard\cardboard126.jpg,512,384
train,cardboard,data\train\cardboard\cardboard127.jpg,512,384
train,cardboard,data\train\cardboard\cardboard128.jpg,512,384
train,cardboard,data\train\cardboard\cardboard13.jpg,512,384
train,cardboard,data\train\cardboard\cardboard132.jpg,512,384
train,cardboard,data\train\cardboard\cardboard133.jpg,512,384
train,cardboard,data\train\cardboard\cardboard134.jpg,512,384
train,cardboard,data\train\cardboard\cardboard136.jpg,512,384
train,cardboard,data\train\cardboard\cardboard137.jpg,512,384
train,cardboard,data\train\cardboard\cardboard138.jpg,512,384
train,cardboard,data\train\cardboard\cardboard14.jpg,512,384
train,cardboard,data\train\cardboard\cardboard140.jpg,512,384
train,cardboard,data\train\cardboard\cardboard142.jpg,512,384
train,cardboard,data\train\cardboard\cardboard144.jpg,512,384
train,cardboard,data\train\cardboard\cardboard147.jpg,512,384
train,cardboard,data\train\cardboard\cardboard148.jpg,512,384
train,cardboard,data\train\cardboard\cardboard149.jpg,512,384
train,cardboard,data\train\cardboard\cardboard15.jpg,512,384
train,cardboard,data\train\cardboard\cardboard151.jpg,512,384
train,cardboard,data\train\cardboard\cardboard152.jpg,512,384
train,cardboard,data\train\cardboard\cardboard153.jpg,512,384
train,cardboard,data\train\cardboard\cardboard154.jpg,512,384
train,cardboard,data\train\cardboard\cardboard155.jpg,512,384
train,cardboard,data\train\cardboard\cardboard157.jpg,512,384
train,cardboard,data\train\cardboard\cardboard158.jpg,512,384
train,cardboard,data\train\cardboard\cardboard159.jpg,512,384
train,cardboard,data\train\cardboard\cardboard16.jpg,512,384
train,cardboard,data\train\cardboard\cardboard160.jpg,512,384
train,cardboard,data\train\cardboard\cardboard161.jpg,512,384
train,cardboard,data\train\cardboard\cardboard164.jpg,512,384
train,cardboard,data\train\cardboard\cardboard166.jpg,512,384
train,cardboard,data\train\cardboard\cardboard167.jpg,512,384
train,cardboard,data\train\cardboard\cardboard168.jpg,512,384
train,cardboard,data\train\cardboard\cardboard169.jpg,512,384
train,cardboard,data\train\cardboard\cardboard17.jpg,512,384
train,cardboard,data\train\cardboard\cardboard171.jpg,512,384
train,cardboard,data\train\cardboard\cardboard173.jpg,512,384
train,cardboard,data\train\cardboard\cardboard175.jpg,512,384
train,cardboard,data\train\cardboard\cardboard176.jpg,512,384
train,cardboard,data\train\cardboard\cardboard177.jpg,512,384
train,cardboard,data\train\cardboard\cardboard179.jpg,512,384
train,cardboard,data\train\cardboard\cardboard18.jpg,512,384
train,cardboard,data\train\cardboard\cardboard180.jpg,512,384
train,cardboard,data\train\cardboard\cardboard181.jpg,512,384
train,cardboard,data\train\cardboard\cardboard182.jpg,512,384
train,cardboard,data\train\cardboard\cardboard183.jpg,512,384
train,cardboard,data\train\cardboard\cardboard184.jpg,512,384
train,cardboard,data\train\cardboard\cardboard185.jpg,512,384
train,cardboard,data\train\cardboard\cardboard186.jpg,512,384
train,cardboard,data\train\cardboard\cardboard187.jpg,512,384
train,cardboard,data\train\cardboard\cardboard189.jpg,512,384
train,cardboard,data\train\cardboard\cardboard19.jpg,512,384
train,cardboard,data\train\cardboard\cardboard191.jpg,512,384
train,cardboard,data\train\cardboard\cardboard192.jpg,512,384
train,cardboard,data\train\cardboard\cardboard193.jpg,512,384
train,cardboard,data\train\cardboard\cardboard194.jpg,512,384
train,cardboard,data\train\cardboard\cardboard195.jpg,512,384
train,cardboard,data\train\cardboard\cardboard198.jpg,512,384
train,cardboard,data\train\cardboard\cardboard200.jpg,512,384
train,cardboard,data\train\cardboard\cardboard202.jpg,512,384
train,cardboard,data\train\cardboard\cardboard205.jpg,512,384
train,cardboard,data\train\cardboard\cardboard207.jpg,512,384
train,cardboard,data\train\cardboard\cardboard208.jpg,512,384
train,cardboard,data\train\cardboard\cardboard209.jpg,512,384
train,cardboard,data\train\cardboard\cardboard21.jpg,512,384
train,cardboard,data\train\cardboard\cardboard210.jpg,512,384
train,cardboard,data\train\cardboard\cardboard213.jpg,512,384
train,cardboard,data\train\cardboard\cardboard214.jpg,512,384
train,cardboard,data\train\cardboard\cardboard215.jpg,512,384
train,cardboard,data\train\cardboard\cardboard216.jpg,512,384
train,cardboard,data\train\cardboard\cardboard217.jpg,512,384
train,cardboard,data\train\cardboard\cardboard218.jpg,512,384
train,cardboard,data\train\cardboard\cardboard219.jpg,512,384
train,cardboard,data\train\cardboard\cardboard224.jpg,512,384
train,cardboard,data\train\cardboard\cardboard226.jpg,512,384
train,cardboard,data\train\cardboard\cardboard228.jpg,512,384
train,cardboard,data\train\cardboard\cardboard229.jpg,512,384
train,cardboard,data\train\cardboard\cardboard23.jpg,512,384
train,cardboard,data\train\cardboard\cardboard230.jpg,512,384
train,cardboard,data\train\cardboard\cardboard231.jpg,512,384
train,cardboard,data\train\cardboard\cardboard233.jpg,512,384
train,cardboard,data\train\cardboard\cardboard235.jpg,512,384
train,cardboard,data\train\cardboard\cardboard236.jpg,512,384
train,cardboard,data\train\cardboard\cardboard237.jpg,512,384
train,cardboard,data\train\cardboard\cardboard238.jpg,512,384
train,cardboard,data\train\cardboard\cardboard239.jpg,512,384
train,cardboard,data\train\cardboard\cardboard24.jpg,512,384
train,cardboard,data\train\cardboard\cardboard240.jpg,512,384
train,cardboard,data\train\cardboard\cardboard241.jpg,512,384
train,cardboard,data\train\cardboard\cardboard242.jpg,512,384
train,cardboard,data\train\cardboard\cardboard243.jpg,512,384
train,cardboard,data\train\cardboard\cardboard245.jpg,512,384
train,cardboard,data\train\cardboard\cardboard246.jpg,512,384
train,cardboard,data\train\cardboard\cardboard247.jpg,512,384
train,cardboard,data\train\cardboard\cardboard248.jpg,512,384
train,cardboard,data\train\cardboard\cardboard25.jpg,512,384
train,cardboard,data\train\cardboard\cardboard250.jpg,512,384
train,cardboard,data\train\cardboard\cardboard251.jpg,512,384
train,cardboard,data\train\cardboard\cardboard252.jpg,512,384
train,cardboard,data\train\cardboard\cardboard253.jpg,512,384
train,cardboard,data\train\cardboard\cardboard255.jpg,512,384
train,cardboard,data\train\cardboard\cardboard257.jpg,512,384
train,cardboard,data\train\cardboard\cardboard259.jpg,512,384
train,cardboard,data\train\cardboard\cardboard26.jpg,512,384
train,cardboard,data\train\cardboard\cardboard260.jpg,512,384
train,cardboard,data\train\cardboard\cardboard261.jpg,512,384
train,cardboard,data\train\cardboard\cardboard263.jpg,512,384
train,cardboard,data\train\cardboard\cardboard265.jpg,512,384
train,cardboard,data\train\cardboard\cardboard268.jpg,512,384
train,cardboard,data\train\cardboard\cardboard269.jpg,512,384
train,cardboard,data\train\cardboard\cardboard270.jpg,512,384
train,cardboard,data\train\cardboard\cardboard271.jpg,512,384
train,cardboard,data\train\cardboard\cardboard272.jpg,512,384
train,cardboard,data\train\cardboard\cardboard275.jpg,512,384
train,cardboard,data\train\cardboard\cardboard276.jpg,512,384
train,cardboard,data\train\cardboard\cardboard277.jpg,512,384
train,cardboard,data\train\cardboard\cardboard278.jpg,512,384
train,cardboard,data\train\cardboard\cardboard279.jpg,512,384
train,cardboard,data\train\cardboard\cardboard28.jpg,512,384
train,cardboard,data\train\cardboard\cardboard280.jpg,512,384
train,cardboard,data\train\cardboard\cardboard282.jpg,512,384
train,cardboard,data\train\cardboard\cardboard285.jpg,512,384
train,cardboard,data\train\cardboard\cardboard286.jpg,512,384
train,cardboard,data\train\cardboard\cardboard287.jpg,512,384
train,cardboard,data\train\cardboard\cardboard288.jpg,512,384
train,cardboard,data\train\cardboard\cardboard289.jpg,512,384
train,cardboard,data\train\cardboard\cardboard29.jpg,512,384
train,cardboard,data\train\cardboard\cardboard290.jpg,512,384
train,cardboard,data\train\cardboard\cardboard291.jpg,512,384
train,cardboard,data\train\cardboard\cardboard293.jpg,512,384
train,cardboard,data\train\cardboard\cardboard295.jpg,512,384
train,cardboard,data\train\cardboard\cardboard296.jpg,512,384
train,cardboard,data\train\cardboard\cardboard298.jpg,512,384
train,cardboard,data\train\cardboard\cardboard299.jpg,512,384
train,cardboard,data\train\cardboard\cardboard3.jpg,512,384
train,cardboard,data\train\cardboard\cardboard30.jpg,512,384
train,cardboard,data\train\cardboard\cardboard300.jpg,512,384
train,cardboard,data\train\cardboard\cardboard301.jpg,512,384
train,cardboard,data\train\cardboard\cardboard302.jpg,512,384
train,cardboard,data\train\cardboard\cardboard303.jpg,512,384
train,cardboard,data\train\cardboard\cardboard304.jpg,512,384
train,cardboard,data\train\cardboard\cardboard306.jpg,512,384
train,cardboard,data\train\cardboard\cardboard307.jpg,512,384
train,cardboard,data\train\cardboard\cardboard309.jpg,512,384
train,cardboard,data\train\cardboard\cardboard312.jpg,512,384
train,cardboard,data\train\cardboard\cardboard313.jpg,512,384
train,cardboard,data\train\cardboard\cardboard314.jpg,512,384
train,cardboard,data\train\cardboard\cardboard315.jpg,512,384
train,cardboard,data\train\cardboard\cardboard316.jpg,512,384
train,cardboard,data\train\cardboard\cardboard317.jpg,512,384
train,cardboard,data\train\cardboard\cardboard318.jpg,512,384
train,cardboard,data\train\cardboard\cardboard319.jpg,512,384
train,cardboard,data\train\cardboard\cardboard32.jpg,512,384
train,cardboard,data\train\cardboard\cardboard320.jpg,512,384
train,cardboard,data\train\cardboard\cardboard321.jpg,512,384
train,cardboard,data\train\cardboard\cardboard322.jpg,512,384
train,cardboard,data\train\cardboard\cardboard323.jpg,512,384
train,cardboard,data\train\cardboard\cardboard324.jpg,512,384
train,cardboard,data\train\cardboard\cardboard325.jpg,512,384
train,cardboard,data\train\cardboard\cardboard326.jpg,512,384
train,cardboard,data\train\cardboard\cardboard327.jpg,512,384
train,cardboard,data\train\cardboard\cardboard328.jpg,512,384
train,cardboard,data\train\cardboard\cardboard33.jpg,512,384
train,cardboard,data\train\cardboard\cardboard330.jpg,512,384
train,cardboard,data\train\cardboard\cardboard332.jpg,512,384
train,cardboard,data\train\cardboard\cardboard334.jpg,512,384
train,cardboard,data\train\cardboard\cardboard335.jpg,512,384
train,cardboard,data\train\cardboard\cardboard336.jpg,512,384
train,cardboard,data\train\cardboard\cardboard337.jpg,512,384
train,cardboard,data\train\cardboard\cardboard338.jpg,512,384
train,cardboard,data\train\cardboard\cardboard339.jpg,512,384
train,cardboard,data\train\cardboard\cardboard34.jpg,512,384
train,cardboard,data\train\cardboard\cardboard340.jpg,512,384
train,cardboard,data\train\cardboard\cardboard341.jpg,512,384
train,cardboard,data\train\cardboard\cardboard342.jpg,512,384
train,cardboard,data\train\cardboard\cardboard343.jpg,512,384
train,cardboard,data\train\cardboard\cardboard344.jpg,512,384
train,cardboard,data\train\cardboard\cardboard348.jpg,512,384
train,cardboard,data\train\cardboard\cardboard349.jpg,512,384
train,cardboard,data\train\cardboard\cardboard35.jpg,512,384
train,cardboard,data\train\cardboard\cardboard351.jpg,512,384
train,cardboard,data\train\cardboard\cardboard352.jpg,512,384
train,cardboard,data\train\cardboard\cardboard354.jpg,512,384
train,cardboard,data\train\cardboard\cardboard355.jpg,512,384
train,cardboard,data\train\cardboard\cardboard357.jpg,512,384
train,cardboard,data\train\cardboard\cardboard359.jpg,512,384
train,cardboard,data\train\cardboard\cardboard36.jpg,512,384
train,cardboard,data\train\cardboard\cardboard361.jpg,512,384
train,cardboard,data\train\cardboard\cardboard362.jpg,512,384
train,cardboard,data\train\cardboard\cardboard363.jpg,512,384
train,cardboard,data\train\cardboard\cardboard364.jpg,512,384
train,cardboard,data\train\cardboard\cardboard366.jpg,512,384
train,cardboard,data\train\cardboard\cardboard367.jpg,512,384
train,cardboard,data\train\cardboard\cardboard368.jpg,512,384
train,cardboard,data\train\cardboard\cardboard369.jpg,512,384
train,cardboard,data\train\cardboard\cardboard37.jpg,512,384
train,cardboard,data\train\cardboard\cardboard372.jpg,512,384
train,cardboard,data\train\cardboard\cardboard373.jpg,512,384
train,cardboard,data\train\cardboard\cardboard375.jpg,512,384
train,cardboard,data\train\cardboard\cardboard376.jpg,512,384
train,cardboard,data\train\cardboard\cardboard380.jpg,512,384
train,cardboard,data\train\cardboard\cardboard381.jpg,512,384
train,cardboard,data\train\cardboard\cardboard382.jpg,512,384
train,cardboard,data\train\cardboard\cardboard383.jpg,512,384
train,cardboard,data\train\cardboard\cardboard385.jpg,512,384
train,cardboard,data\train\cardboard\cardboard386.jpg,512,384
train,cardboard,data\train\cardboard\cardboard387.jpg,512,384
train,cardboard,data\train\cardboard\cardboard388.jpg,512,384
train,cardboard,data\train\cardboard\cardboard39.jpg,512,384
train,cardboard,data\train\cardboard\cardboard390.jpg,512,384
train,cardboard,data\train\cardboard\cardboard391.jpg,512,384
train,cardboard,data\train\cardboard\cardboard393.jpg,512,384
train,cardboard,data\train\cardboard\cardboard395.jpg,512,384
train,cardboard,data\train\cardboard\cardboard396.jpg,512,384
train,cardboard,data\train\cardboard\cardboard398.jpg,512,384
train,cardboard,data\train\cardboard\cardboard4.jpg,512,384
train,cardboard,data\train\cardboard\cardboard40.jpg,512,384
train,cardboard,data\train\cardboard\cardboard400.jpg,512,384
train,cardboard,data\train\cardboard\cardboard401.jpg,512,384
train,cardboard,data\train\cardboard\cardboard402.jpg,512,384
train,cardboard,data\train\cardboard\cardboard403.jpg,512,384
train,cardboard,data\train\cardboard\cardboard41.jpg,512,384
train,cardboard,data\train\cardboard\cardboard43.jpg,512,384
train,cardboard,data\train\cardboard\cardboard44.jpg,512,384
train,cardboard,data\train\cardboard\cardboard45.jpg,512,384
train,cardboard,data\train\cardboard\cardboard46.jpg,512,384
train,cardboard,data\train\cardboard\cardboard49.jpg,512,384
train,cardboard,data\train\cardboard\cardboard5.jpg,512,384
train,cardboard,data\train\cardboard\cardboard50.jpg,512,384
train,cardboard,data\train\cardboard\cardboard51.jpg,512,384
train,cardboard,data\train\cardboard\cardboard53.jpg,512,384
train,cardboard,data\train\cardboard\cardboard54.jpg,512,384
train,cardboard,data\train\cardboard\cardboard55.jpg,512,384
train,cardboard,data\train\cardboard\cardboard56.jpg,512,384
train,cardboard,data\train\cardboard\cardboard59.jpg,512,384
train,cardboard,data\train\cardboard\cardboard60.jpg,512,384
train,cardboard,data\train\cardboard\cardboard61.jpg,512,384
train,cardboard,data\train\cardboard\cardboard63.jpg,512,384
train,cardboard,data\train\cardboard\cardboard64.jpg,512,384
train,cardboard,data\train\cardboard\cardboard65.jpg,512,384
train,cardboard,data\train\cardboard\cardboard67.jpg,512,384
train,cardboard,data\train\cardboard\cardboard7.jpg,512,384
train,cardboard,data\train\cardboard\cardboard71.jpg,512,384
train,cardboard,data\train\cardboard\cardboard72.jpg,512,384
train,cardboard,data\train\cardboard\cardboard73.jpg,512,384
train,cardboard,data\train\cardboard\cardboard74.jpg,512,384
train,cardboard,data\train\cardboard\cardboard75.jpg,512,384
train,cardboard,data\train\cardboard\cardboard79.jpg,512,384
train,cardboard,data\train\cardboard\cardboard8.jpg,512,384
train,cardboard,data\train\cardboard\cardboard81.jpg,512,384
train,cardboard,data\train\cardboard\cardboard83.jpg,512,384
train,cardboard,data\train\cardboard\cardboard86.jpg,512,384
train,cardboard,data\train\cardboard\cardboard87.jpg,512,384
train,cardboard,data\train\cardboard\cardboard89.jpg,512,384
train,cardboard,data\train\cardboard\cardboard9.jpg,512,384
train,cardboard,data\train\cardboard\cardboard91.jpg,512,384
train,cardboard,data\train\cardboard\cardboard93.jpg,512,384
train,cardboard,data\train\cardboard\cardboard95.jpg,512,384
train,cardboard,data\train\cardboard\cardboard97.jpg,512,384
train,cardboard,data\train\cardboard\cardboard98.jpg,512,384
train,glass,data\train\glass\glass100.jpg,512,384
train,glass,data\train\glass\glass101.jpg,512,384
train,glass,data\train\glass\glass103.jpg,512,384
train,glass,data\train\glass\glass104.jpg,512,384
train,glass,data\train\glass\glass105.jpg,512,384
train,glass,data\train\glass\glass106.jpg,512,384
train,glass,data\train\glass\glass107.jpg,512,384
train,glass,data\train\glass\glass108.jpg,512,384
train,glass,data\train\glass\glass109.jpg,512,384
train,glass,data\train\glass\glass110.jpg,512,384
train,glass,data\train\glass\glass112.jpg,512,384
train,glass,data\train\glass\glass113.jpg,512,384
train,glass,data\train\glass\glass114.jpg,512,384
train,glass,data\train\glass\glass12.jpg,512,384
train,glass,data\train\glass\glass120.jpg,512,384
train,glass,data\train\glass\glass121.jpg,512,384
train,glass,data\train\glass\glass123.jpg,512,384
train,glass,data\train\glass\glass124.jpg,512,384
train,glass,data\train\glass\glass125.jpg,512,384
train,glass,data\train\glass\glass126.jpg,512,384
train,glass,data\train\glass\glass127.jpg,512,384
train,glass,data\train\glass\glass128.jpg,512,384
train,glass,data\train\glass\glass129.jpg,512,384
train,glass,data\train\glass\glass13.jpg,512,384
train,glass,data\train\glass\glass131.jpg,512,384
train,glass,data\train\glass\glass132.jpg,512,384
train,glass,data\train\glass\glass134.jpg,512,384
train,glass,data\train\glass\glass135.jpg,512,384
train,glass,data\train\glass\glass136.jpg,512,384
train,glass,data\train\glass\glass137.jpg,512,384
train,glass,data\train\glass\glass138.jpg,512,384
train,glass,data\train\glass\glass139.jpg,512,384
train,glass,data\train\glass\glass14.jpg,512,384
train,glass,data\train\glass\glass140.jpg,512,384
train,glass,data\train\glass\glass142.jpg,512,384
train,glass,data\train\glass\glass143.jpg,512,384
train,glass,data\train\glass\glass144.jpg,512,384
train,glass,data\train\glass\glass145.jpg,512,384
train,glass,data\train\glass\glass147.jpg,512,384
train,glass,data\train\glass\glass148.jpg,512,384
train,glass,data\train\glass\glass15.jpg,512,384
train,glass,data\train\glass\glass151.jpg,512,384
train,glass,data\train\glass\glass153.jpg,512,384
train,glass,data\train\glass\glass154.jpg,512,384
train,glass,data\train\glass\glass155.jpg,512,384
train,glass,data\train\glass\glass157.jpg,512,384
train,glass,data\train\glass\glass16.jpg,512,384
train,glass,data\train\glass\glass160.jpg,512,384
train,glass,data\train\glass\glass161.jpg,512,384
train,glass,data\train\glass\glass162.jpg,512,384
train,glass,data\train\glass\glass163.jpg,512,384
train,glass,data\train\glass\glass164.jpg,512,384
train,glass,data\train\glass\glass165.jpg,512,384
train,glass,data\train\glass\glass166.jpg,512,384
train,glass,data\train\glass\glass169.jpg,512,384
train,glass,data\train\glass\glass17.jpg,512,384
train,glass,data\train\glass\glass171.jpg,512,384
train,glass,data\train\glass\glass175.jpg,512,384
train,glass,data\train\glass\glass176.jpg,512,384
train,glass,data\train\glass\glass177.jpg,512,384
train,glass,data\train\glass\glass178.jpg,512,384
train,glass,data\train\glass\glass179.jpg,512,384
train,glass,data\train\glass\glass18.jpg,512,384
train,glass,data\train\glass\glass182.jpg,512,384
train,glass,data\train\glass\glass183.jpg,512,384
train,glass,data\train\glass\glass184.jpg,512,384
train,glass,data\train\glass\glass185.jpg,512,384
train,glass,data\train\glass\glass186.jpg,512,384
train,glass,data\train\glass\glass189.jpg,512,384
train,glass,data\train\glass\glass190.jpg,512,384
train,glass,data\train\glass\glass192.jpg,512,384
train,glass,data\train\glass\glass193.jpg,512,384
train,glass,data\train\glass\glass194.jpg,512,384
train,glass,data\train\glass\glass195.jpg,512,384
train,glass,data\train\glass\glass197.jpg,512,384
train,glass,data\train\glass\glass198.jpg,512,384
train,glass,data\train\glass\glass199.jpg,512,384
train,glass,data\train\glass\glass2.jpg,512,384
train,glass,data\train\glass\glass20.jpg,512,384
train,glass,data\train\glass\glass202.jpg,512,384
train,glass,data\train\glass\glass204.jpg,512,384
train,glass,data\train\glass\glass205.jpg,512,384
train,glass,data\train\glass\glass206.jpg,512,384
train,glass,data\train\glass\glass207.jpg,512,384
train,glass,data\train\glass\glass209.jpg,512,384
train,glass,data\train\glass\glass21.jpg,512,384
train,glass,data\train\glass\glass210.jpg,512,384
train,glass,data\train\glass\glass211.jpg,512,384
train,glass,data\train\glass\glass212.jpg,512,384
train,glass,data\train\glass\glass215.jpg,512,384
train,glass,data\train\glass\glass217.jpg,512,384
train,glass,data\train\glass\glass218.jpg,512,384
train,glass,data\train\glass\glass222.jpg,512,384
train,glass,data\train\glass\glass223.jpg,512,384
train,glass,data\train\glass\glass224.jpg,512,384
train,glass,data\train\glass\glass225.jpg,512,384
train,glass,data\train\glass\glass228.jpg,512,384
train,glass,data\train\glass\glass229.jpg,512,384
train,glass,data\train\glass\glass23.jpg,512,384
train,glass,data\train\glass\glass230.jpg,512,384
train,glass,data\train\glass\glass231.jpg,512,384
train,glass,data\train\glass\glass232.jpg,512,384
train,glass,data\train\glass\glass233.jpg,512,384
train,glass,data\train\glass\glass234.jpg,512,384
train,glass,data\train\glass\glass235.jpg,512,384
train,glass,data\train\glass\glass236.jpg,512,384
train,glass,data\train\glass\glass238.jpg,512,384
train,glass,data\train\glass\glass239.jpg,512,384
train,glass,data\train\glass\glass242.jpg,512,384
train,glass,data\train\glass\glass244.jpg,512,384
train,glass,data\train\glass\glass245.jpg,512,384
train,glass,data\train\glass\glass246.jpg,512,384
train,glass,data\train\glass\glass247.jpg,512,384
train,glass,data\train\glass\glass248.jpg,512,384
train,glass,data\train\glass\glass249.jpg,512,384
train,glass,data\train\glass\glass25.jpg,512,384
train,glass,data\train\glass\glass253.jpg,512,384
train,glass,data\train\glass\glass254.jpg,512,384
train,glass,data\train\glass\glass255.jpg,512,384
train,glass,data\train\glass\glass256.jpg,512,384
train,glass,data\train\glass\glass257.jpg,512,384
train,glass,data\train\glass\glass259.jpg,512,384
train,glass,data\train\glass\glass26.jpg,512,384
train,glass,data\train\glass\glass261.jpg,512,384
train,glass,data\train\glass\glass263.jpg,512,384
train,glass,data\train\glass\glass265.jpg,512,384
train,glass,data\train\glass\glass266.jpg,512,384
train,glass,data\train\glass\glass268.jpg,512,384
train,glass,data\train\glass\glass269.jpg,512,384
train,glass,data\train\glass\glass270.jpg,512,384
train,glass,data\train\glass\glass271.jpg,512,384
train,glass,data\train\glass\glass272.jpg,512,384
train,glass,data\train\glass\glass273.jpg,512,384
train,glass,data\train\glass\glass274.jpg,512,384
train,glass,data\train\glass\glass276.jpg,512,384
train,glass,data\train\glass\glass278.jpg,512,384
train,glass,data\train\glass\glass279.jpg,512,384
train,glass,data\train\glass\glass28.jpg,512,384
train,glass,data\train\glass\glass280.jpg,512,384
train,glass,data\train\glass\glass281.jpg,512,384
train,glass,data\train\glass\glass282.jpg,512,384
train,glass,data\train\glass\glass284.jpg,512,384
train,glass,data\train\glass\glass285.jpg,512,384
train,glass,data\train\glass\glass286.jpg,512,384
train,glass,data\train\glass\glass288.jpg,512,384
train,glass,data\train\glass\glass290.jpg,512,384
train,glass,data\train\glass\glass291.jpg,512,384
train,glass,data\train\glass\glass292.jpg,512,384
train,glass,data\train\glass\glass293.jpg,512,384
train,glass,data\train\glass\glass295.jpg,512,384
train,glass,data\train\glass\glass297.jpg,512,384
train,glass,data\train\glass\glass299.jpg,512,384
train,glass,data\train\glass\glass300.jpg,512,384
train,glass,data\train\glass\glass301.jpg,512,384
train,glass,data\train\glass\glass303.jpg,512,384
train,glass,data\train\glass\glass304.jpg,512,384
train,glass,data\train\glass\glass305.jpg,512,384
train,glass,data\train\glass\glass306.jpg,512,384
train,glass,data\train\glass\glass307.jpg,512,384
train,glass,data\train\glass\glass308.jpg,512,384
train,glass,data\train\glass\glass309.jpg,512,384
train,glass,data\train\glass\glass31.jpg,512,384
train,glass,data\train\glass\glass311.jpg,512,384
train,glass,data\train\glass\glass312.jpg,512,384
train,glass,data\train\glass\glass313.jpg,512,384
train,glass,data\train\glass\glass314.jpg,512,384
train,glass,data\train\glass\glass316.jpg,512,384
train,glass,data\train\glass\glass317.jpg,512,384
train,glass,data\train\glass\glass318.jpg,512,384
train,glass,data\train\glass\glass319.jpg,512,384
train,glass,data\train\glass\glass32.jpg,512,384
train,glass,data\train\glass\glass320.jpg,512,384
train,glass,data\train\glass\glass321.jpg,512,384
train,glass,data\train\glass\glass322.jpg,512,384
train,glass,data\train\glass\glass323.jpg,512,384
train,glass,data\train\glass\glass324.jpg,512,384
train,glass,data\train\glass\glass325.jpg,512,384
train,glass,data\train\glass\glass326.jpg,512,384
train,glass,data\train\glass\glass327.jpg,512,384
train,glass,data\train\glass\glass328.jpg,512,384
train,glass,data\train\glass\glass329.jpg,512,384
train,glass,data\train\glass\glass33.jpg,512,384
train,glass,data\train\glass\glass330.jpg,512,384
train,glass,data\train\glass\glass331.jpg,512,384
train,glass,data\train\glass\glass335.jpg,512,384
train,glass,data\train\glass\glass336.jpg,512,384
train,glass,data\train\glass\glass337.jpg,512,384
train,glass,data\train\glass\glass338.jpg,512,384
train,glass,data\train\glass\glass34.jpg,512,384
train,glass,data\train\glass\glass340.jpg,512,384
train,glass,data\train\glass\glass341.jpg,512,384
train,glass,data\train\glass\glass342.jpg,512,384
train,glass,data\train\glass\glass343.jpg,512,384
train,glass,data\train\glass\glass344.jpg,512,384
train,glass,data\train\glass\glass345.jpg,512,384
train,glass,data\train\glass\glass348.jpg,512,384
train,glass,data\train\glass\glass349.jpg,512,384
train,glass,data\train\glass\glass35.jpg,512,384
train,glass,data\train\glass\glass351.jpg,512,384
train,glass,data\train\glass\glass352.jpg,512,384
train,glass,data\train\glass\glass354.jpg,512,384
train,glass,data\train\glass\glass355.jpg,512,384
train,glass,data\train\glass\glass356.jpg,512,384
train,glass,data\train\glass\glass359.jpg,512,384
train,glass,data\train\glass\glass36.jpg,512,384
train,glass,data\train\glass\glass360.jpg,512,384
train,glass,data\train\glass\glass361.jpg,512,384
train,glass,data\train\glass\glass362.jpg,512,384
train,glass,data\train\glass\glass363.jpg,512,384
train,glass,data\train\glass\glass364.jpg,512,384
train,glass,data\train\glass\glass366.jpg,512,384
train,glass,data\train\glass\glass369.jpg,512,384
train,glass,data\train\glass\glass37.jpg,512,384
train,glass,data\train\glass\glass370.jpg,512,384
train,glass,data\train\glass\glass371.jpg,512,384
train,glass,data\train\glass\glass372.jpg,512,384
train,glass,data\train\glass\glass373.jpg,512,384
train,glass,data\train\glass\glass375.jpg,512,384
train,glass,data\train\glass\glass376.jpg,512,384
train,glass,data\train\glass\glass377.jpg,512,384
train,glass,data\train\glass\glass378.jpg,512,384
train,glass,data\train\glass\glass38.jpg,512,384
train,glass,data\train\glass\glass380.jpg,512,384
train,glass,data\train\glass\glass381.jpg,512,384
train,glass,data\train\glass\glass382.jpg,512,384
train,glass,data\train\glass\glass383.jpg,512,384
train,glass,data\train\glass\glass384.jpg,512,384
train,glass,data\train\glass\glass386.jpg,512,384
train,glass,data\train\glass\glass388.jpg,512,384
train,glass,data\train\glass\glass389.jpg,512,384
train,glass,data\train\glass\glass39.jpg,512,384
train,glass,data\train\glass\glass390.jpg,512,384
train,glass,data\train\glass\glass392.jpg,512,384
train,glass,data\train\glass\glass394.jpg,512,384
train,glass,data\train\glass\glass396.jpg,512,384
train,glass,data\train\glass\glass397.jpg,512,384
train,glass,data\train\glass\glass398.jpg,512,384
train,glass,data\train\glass\glass399.jpg,512,384
train,glass,data\train\glass\glass4.jpg,512,384
train,glass,data\train\glass\glass40.jpg,512,384
train,glass,data\train\glass\glass400.jpg,512,384
train,glass,data\train\glass\glass401.jpg,512,384
train,glass,data\train\glass\glass403.jpg,512,384
train,glass,data\train\glass\glass409.jpg,512,384
train,glass,data\train\glass\glass41.jpg,512,384
train,glass,data\train\glass\glass410.jpg,512,384
train,glass,data\train\glass\glass412.jpg,512,384
train,glass,data\train\glass\glass414.jpg,512,384
train,glass,data\train\glass\glass416.jpg,512,384
train,glass,data\train\glass\glass418.jpg,512,384
train,glass,data\train\glass\glass419.jpg,512,384
train,glass,data\train\glass\glass42.jpg,512,384
train,glass,data\train\glass\glass420.jpg,512,384
train,glass,data\train\glass\glass421.jpg,512,384
train,glass,data\train\glass\glass423.jpg,512,384
train,glass,data\train\glass\glass426.jpg,512,384
train,glass,data\train\glass\glass427.jpg,512,384
train,glass,data\train\glass\glass428.jpg,512,384
train,glass,data\train\glass\glass429.jpg,512,384
train,glass,data\train\glass\glass43.jpg,512,384
train,glass,data\train\glass\glass430.jpg,512,384
train,glass,data\train\glass\glass431.jpg,512,384
train,glass,data\train\glass\glass432.jpg,512,384
train,glass,data\train\glass\glass433.jpg,512,384
train,glass,data\train\glass\glass434.jpg,512,384
train,glass,data\train\glass\glass436.jpg,512,384
train,glass,data\train\glass\glass437.jpg,512,384
train,glass,data\train\glass\glass44.jpg,512,384
train,glass,data\train\glass\glass442.jpg,512,384
train,glass,data\train\glass\glass443.jpg,512,384
train,glass,data\train\glass\glass445.jpg,512,384
train,glass,data\train\glass\glass446.jpg,512,384
train,glass,data\train\glass\glass447.jpg,512,384
train,glass,data\train\glass\glass448.jpg,512,384
train,glass,data\train\glass\glass449.jpg,512,384
train,glass,data\train\glass\glass45.jpg,512,384
train,glass,data\train\glass\glass450.jpg,512,384
train,glass,data\train\glass\glass452.jpg,512,384
train,glass,data\train\glass\glass456.jpg,512,384
train,glass,data\train\glass\glass457.jpg,512,384
train,glass,data\train\glass\glass458.jpg,512,384
train,glass,data\train\glass\glass460.jpg,512,384
train,glass,data\train\glass\glass463.jpg,512,384
train,glass,data\train\glass\glass465.jpg,512,384
train,glass,data\train\glass\glass467.jpg,512,384
train,glass,data\train\glass\glass47.jpg,512,384
train,glass,data\train\glass\glass470.jpg,512,384
train,glass,data\train\glass\glass472.jpg,512,384
train,glass,data\train\glass\glass474.jpg,512,384
train,glass,data\train\glass\glass475.jpg,512,384
train,glass,data\train\glass\glass477.jpg,512,384
train,glass,data\train\glass\glass479.jpg,512,384
train,glass,data\train\glass\glass480.jpg,512,384
train,glass,data\train\glass\glass482.jpg,512,384
train,glass,data\train\glass\glass483.jpg,512,384
train,glass,data\train\glass\glass485.jpg,512,384
train,glass,data\train\glass\glass486.jpg,512,384
train,glass,data\train\glass\glass487.jpg,512,384
train,glass,data\train\glass\glass488.jpg,512,384
train,glass,data\train\glass\glass489.jpg,512,384
train,glass,data\train\glass\glass492.jpg,512,384
train,glass,data\train\glass\glass493.jpg,512,384
train,glass,data\train\glass\glass495.jpg,512,384
train,glass,data\train\glass\glass497.jpg,512,384
train,glass,data\train\glass\glass498.jpg,512,384
train,glass,data\train\glass\glass499.jpg,512,384
train,glass,data\train\glass\glass5.jpg,512,384
train,glass,data\train\glass\glass50.jpg,512,384
train,glass,data\train\glass\glass500.jpg,512,384
train,glass,data\train\glass\glass501.jpg,512,384
train,glass,data\train\glass\glass51.jpg,512,384
train,glass,data\train\glass\glass52.jpg,512,384
train,glass,data\train\glass\glass56.jpg,512,384
train,glass,data\train\glass\glass57.jpg,512,384
train,glass,data\train\glass\glass58.jpg,512,384
train,glass,data\train\glass\glass59.jpg,512,384
train,glass,data\train\glass\glass61.jpg,512,384
train,glass,data\train\glass\glass62.jpg,512,384
train,glass,data\train\glass\glass63.jpg,512,384
train,glass,data\train\glass\glass67.jpg,512,384
train,glass,data\train\glass\glass68.jpg,512,384
train,glass,data\train\glass\glass69.jpg,512,384
train,glass,data\train\glass\glass7.jpg,512,384
train,glass,data\train\glass\glass70.jpg,512,384
train,glass,data\train\glass\glass71.jpg,512,384
train,glass,data\train\glass\glass73.jpg,512,384
train,glass,data\train\glass\glass74.jpg,512,384
train,glass,data\train\glass\glass75.jpg,512,384
train,glass,data\train\glass\glass76.jpg,512,384
train,glass,data\train\glass\glass77.jpg,512,384
train,glass,data\train\glass\glass78.jpg,512,384
train,glass,data\train\glass\glass79.jpg,512,384
train,glass,data\train\glass\glass8.jpg,512,384
train,glass,data\train\glass\glass81.jpg,512,384
train,glass,data\train\glass\glass83.jpg,512,384
train,glass,data\train\glass\glass84.jpg,512,384
train,glass,data\train\glass\glass85.jpg,512,384
train,glass,data\train\glass\glass86.jpg,512,384
train,glass,data\train\glass\glass87.jpg,512,384
train,glass,data\train\glass\glass89.jpg,512,384
train,glass,data\train\glass\glass90.jpg,512,384
train,glass,data\train\glass\glass91.jpg,512,384
train,glass,data\train\glass\glass92.jpg,512,384
train,glass,data\train\glass\glass93.jpg,512,384
train,glass,data\train\glass\glass94.jpg,512,384
train,glass,data\train\glass\glass95.jpg,512,384
train,glass,data\train\glass\glass96.jpg,512,384
train,glass,data\train\glass\glass97.jpg,512,384
train,glass,data\train\glass\glass98.jpg,512,384
train,glass,data\train\glass\glass99.jpg,512,384
train,metal,data\train\metal\metal1.jpg,512,384
train,metal,data\train\metal\metal100.jpg,512,384
train,metal,data\train\metal\metal101.jpg,512,384
train,metal,data\train\metal\metal102.jpg,512,384
train,metal,data\train\metal\metal103.jpg,512,384
train,metal,data\train\metal\metal105.jpg,512,384
train,metal,data\train\metal\metal106.jpg,512,384
train,metal,data\train\metal\metal107.jpg,512,384
train,metal,data\train\metal\metal109.jpg,512,384
train,metal,data\train\metal\metal11.jpg,512,384
train,metal,data\train\metal\metal111.jpg,512,384
train,metal,data\train\metal\metal112.jpg,512,384
train,metal,data\train\metal\metal114.jpg,512,384
train,metal,data\train\metal\metal115.jpg,512,384
train,metal,data\train\metal\metal116.jpg,512,384
train,metal,data\train\metal\metal118.jpg,512,384
train,metal,data\train\metal\metal119.jpg,512,384
train,metal,data\train\metal\metal12.jpg,512,384
train,metal,data\train\metal\metal120.jpg,512,384
train,metal,data\train\metal\metal121.jpg,512,384
train,metal,data\train\metal\metal124.jpg,512,384
train,metal,data\train\metal\metal125.jpg,512,384
train,metal,data\train\metal\metal127.jpg,512,384
train,metal,data\train\metal\metal128.jpg,512,384
train,metal,data\train\metal\metal13.jpg,512,384
train,metal,data\train\metal\metal130.jpg,512,384
train,metal,data\train\metal\metal134.jpg,512,384
train,metal,data\train\metal\metal135.jpg,512,384
train,metal,data\train\metal\metal137.jpg,512,384
train,metal,data\train\metal\metal139.jpg,512,384
train,metal,data\train\metal\metal14.jpg,512,384
train,metal,data\train\metal\metal141.jpg,512,384
train,metal,data\train\metal\metal142.jpg,512,384
train,metal,data\train\metal\metal143.jpg,512,384
train,metal,data\train\metal\metal145.jpg,512,384
train,metal,data\train\metal\metal147.jpg,512,384
train,metal,data\train\metal\metal148.jpg,512,384
train,metal,data\train\metal\metal149.jpg,512,384
train,metal,data\train\metal\metal15.jpg,512,384
train,metal,data\train\metal\metal150.jpg,512,384
train,metal,data\train\metal\metal152.jpg,512,384
train,metal,data\train\metal\metal154.jpg,512,384
train,metal,data\train\metal\metal155.jpg,512,384
train,metal,data\train\metal\metal158.jpg,512,384
train,metal,data\train\metal\metal159.jpg,512,384
train,metal,data\train\metal\metal16.jpg,512,384
train,metal,data\train\metal\metal160.jpg,512,384
train,metal,data\train\metal\metal161.jpg,512,384
train,metal,data\train\metal\metal162.jpg,512,384
train,metal,data\train\metal\metal163.jpg,512,384
train,metal,data\train\metal\metal165.jpg,512,384
train,metal,data\train\metal\metal166.jpg,512,384
train,metal,data\train\metal\metal167.jpg,512,384
train,metal,data\train\metal\metal17.jpg,512,384
train,metal,data\train\metal\metal170.jpg,512,384
train,metal,data\train\metal\metal172.jpg,512,384
train,metal,data\train\metal\metal173.jpg,512,384
train,metal,data\train\metal\metal174.jpg,512,384
train,metal,data\train\metal\metal176.jpg,512,384
train,metal,data\train\metal\metal177.jpg,512,384
train,metal,data\train\metal\metal178.jpg,512,384
train,metal,data\train\metal\metal180.jpg,512,384
train,metal,data\train\metal\metal181.jpg,512,384
train,metal,data\train\metal\metal182.jpg,512,384
train,metal,data\train\metal\metal183.jpg,512,384
train,metal,data\train\metal\metal185.jpg,512,384
train,metal,data\train\metal\metal186.jpg,512,384
train,metal,data\train\metal\metal187.jpg,512,384
train,metal,data\train\metal\metal188.jpg,512,384
train,metal,data\train\metal\metal189.jpg,512,384
train,metal,data\train\metal\metal19.jpg,512,384
train,metal,data\train\metal\metal191.jpg,512,384
train,metal,data\train\metal\metal192.jpg,512,384
train,metal,data\train\metal\metal193.jpg,512,384
train,metal,data\train\metal\metal194.jpg,512,384
train,metal,data\train\metal\metal196.jpg,512,384
train,metal,data\train\metal\metal198.jpg,512,384
train,metal,data\train\metal\metal199.jpg,512,384
train,metal,data\train\metal\metal2.jpg,512,384
train,metal,data\train\metal\metal20.jpg,512,384
train,metal,data\train\metal\metal200.jpg,512,384
train,metal,data\train\metal\metal201.jpg,512,384
train,metal,data\train\metal\metal203.jpg,512,384
train,metal,data\train\metal\metal207.jpg,512,384
train,metal,data\train\metal\metal208.jpg,512,384
train,metal,data\train\metal\metal21.jpg,512,384
train,metal,data\train\metal\metal210.jpg,512,384
train,metal,data\train\metal\metal211.jpg,512,384
train,metal,data\train\metal\metal212.jpg,512,384
train,metal,data\train\metal\metal216.jpg,512,384
train,metal,data\train\metal\metal217.jpg,512,384
train,metal,data\train\metal\metal218.jpg,512,384
train,metal,data\train\metal\metal219.jpg,512,384
train,metal,data\train\metal\metal22.jpg,512,384
train,metal,data\train\metal\metal223.jpg,512,384
train,metal,data\train\metal\metal225.jpg,512,384
train,metal,data\train\metal\metal226.jpg,512,384
train,metal,data\train\metal\metal227.jpg,512,384
train,metal,data\train\metal\metal228.jpg,512,384
train,metal,data\train\metal\metal230.jpg,512,384
train,metal,data\train\metal\metal232.jpg,512,384
train,metal,data\train\metal\metal234.jpg,512,384
train,metal,data\train\metal\metal235.jpg,512,384
train,metal,data\train\metal\metal237.jpg,512,384
train,metal,data\train\metal\metal238.jpg,512,384
train,metal,data\train\metal\metal241.jpg,512,384
train,metal,data\train\metal\metal242.jpg,512,384
train,metal,data\train\metal\metal243.jpg,512,384
train,metal,data\train\metal\metal244.jpg,512,384
train,metal,data\train\metal\metal245.jpg,512,384
train,metal,data\train\metal\metal246.jpg,512,384
train,metal,data\train\metal\metal247.jpg,512,384
train,metal,data\train\metal\metal249.jpg,512,384
train,metal,data\train\metal\metal25.jpg,512,384
train,metal,data\train\metal\metal250.jpg,512,384
train,metal,data\train\metal\metal251.jpg,512,384
train,metal,data\train\metal\metal252.jpg,512,384
train,metal,data\train\metal\metal253.jpg,512,384
train,metal,data\train\metal\metal254.jpg,512,384
train,metal,data\train\metal\metal255.jpg,512,384
train,metal,data\train\metal\metal257.jpg,512,384
train,metal,data\train\metal\metal258.jpg,512,384
train,metal,data\train\metal\metal259.jpg,512,384
train,metal,data\train\metal\metal26.jpg,512,384
train,metal,data\train\metal\metal260.jpg,512,384
train,metal,data\train\metal\metal261.jpg,512,384
train,metal,data\train\metal\metal262.jpg,512,384
train,metal,data\train\metal\metal263.jpg,512,384
train,metal,data\train\metal\metal264.jpg,512,384
train,metal,data\train\metal\metal265.jpg,512,384
train,metal,data\train\metal\metal266.jpg,512,384
train,metal,data\train\metal\metal267.jpg,512,384
train,metal,data\train\metal\metal268.jpg,512,384
train,metal,data\train\metal\metal269.jpg,512,384
train,metal,data\train\metal\metal27.jpg,512,384
train,metal,data\train\metal\metal270.jpg,512,384
train,metal,data\train\metal\metal271.jpg,512,384
train,metal,data\train\metal\metal272.jpg,512,384
train,metal,data\train\metal\metal273.jpg,512,384
train,metal,data\train\metal\metal275.jpg,512,384
train,metal,data\train\metal\metal276.jpg,512,384
train,metal,data\train\metal\metal277.jpg,512,384
train,metal,data\train\metal\metal278.jpg,512,384
train,metal,data\train\metal\metal279.jpg,512,384
train,metal,data\train\metal\metal28.jpg,512,384
train,metal,data\train\metal\metal280.jpg,512,384
train,metal,data\train\metal\metal281.jpg,512,384
train,metal,data\train\metal\metal282.jpg,512,384
train,metal,data\train\metal\metal283.jpg,512,384
train,metal,data\train\metal\metal286.jpg,512,384
train,metal,data\train\metal\metal287.jpg,512,384
train,metal,data\train\metal\metal289.jpg,512,384
train,metal,data\train\metal\metal29.jpg,512,384
train,metal,data\train\metal\metal290.jpg,512,384
train,metal,data\train\metal\metal292.jpg,512,384
train,metal,data\train\metal\metal293.jpg,512,384
train,metal,data\train\metal\metal294.jpg,512,384
train,metal,data\train\metal\metal296.jpg,512,384
train,metal,data\train\metal\metal298.jpg,512,384
train,metal,data\train\metal\metal3.jpg,512,384
train,metal,data\train\metal\metal30.jpg,512,384
train,metal,data\train\metal\metal303.jpg,512,384
train,metal,data\train\metal\metal304.jpg,512,384
train,metal,data\train\metal\metal305.jpg,512,384
train,metal,data\train\metal\metal307.jpg,512,384
train,metal,data\train\metal\metal309.jpg,512,384
train,metal,data\train\metal\metal31.jpg,512,384
train,metal,data\train\metal\metal310.jpg,512,384
train,metal,data\train\metal\metal311.jpg,512,384
train,metal,data\train\metal\metal312.jpg,512,384
train,metal,data\train\metal\metal313.jpg,512,384
train,metal,data\train\metal\metal316.jpg,512,384
train,metal,data\train\metal\metal317.jpg,512,384
train,metal,data\train\metal\metal318.jpg,512,384
train,metal,data\train\metal\metal320.jpg,512,384
train,metal,data\train\metal\metal321.jpg,512,384
train,metal,data\train\metal\metal322.jpg,512,384
train,metal,data\train\metal\metal323.jpg,512,384
train,metal,data\train\metal\metal324.jpg,512,384
train,metal,data\train\metal\metal327.jpg,512,384
train,metal,data\train\metal\metal328.jpg,512,384
train,metal,data\train\metal\metal329.jpg,512,384
train,metal,data\train\metal\metal330.jpg,512,384
train,metal,data\train\metal\metal331.jpg,512,384
train,metal,data\train\metal\metal332.jpg,512,384
train,metal,data\train\metal\metal333.jpg,512,384
train,metal,data\train\metal\metal334.jpg,512,384
train,metal,data\train\metal\metal335.jpg,512,384
train,metal,data\train\metal\metal336.jpg,512,384
train,metal,data\train\metal\metal337.jpg,512,384
train,metal,data\train\metal\metal339.jpg,512,384
train,metal,data\train\metal\metal340.jpg,512,384
train,metal,data\train\metal\metal341.jpg,512,384
train,metal,data\train\metal\metal342.jpg,512,384
train,metal,data\train\metal\metal343.jpg,512,384
train,metal,data\train\metal\metal344.jpg,512,384
train,metal,data\train\metal\metal345.jpg,512,384
train,metal,data\train\metal\metal346.jpg,512,384
train,metal,data\train\metal\metal347.jpg,512,384
train,metal,data\train\metal\metal349.jpg,512,384
train,metal,data\train\metal\metal350.jpg,512,384
train,metal,data\train\metal\metal351.jpg,512,384
train,metal,data\train\metal\metal352.jpg,512,384
train,metal,data\train\metal\metal355.jpg,512,384
train,metal,data\train\metal\metal357.jpg,512,384
train,metal,data\train\metal\metal358.jpg,512,384
train,metal,data\train\metal\metal36.jpg,512,384
train,metal,data\train\metal\metal360.jpg,512,384
train,metal,data\train\metal\metal362.jpg,512,384
train,metal,data\train\metal\metal366.jpg,512,384
train,metal,data\train\metal\metal367.jpg,512,384
train,metal,data\train\metal\metal368.jpg,512,384
train,metal,data\train\metal\metal369.jpg,512,384
train,metal,data\train\metal\metal37.jpg,512,384
train,metal,data\train\metal\metal371.jpg,512,384
train,metal,data\train\metal\metal372.jpg,512,384
train,metal,data\train\metal\metal375.jpg,512,384
train,metal,data\train\metal\metal376.jpg,512,384
train,metal,data\train\metal\metal377.jpg,512,384
train,metal,data\train\metal\metal378.jpg,512,384
train,metal,data\train\metal\metal38.jpg,512,384
train,metal,data\train\metal\metal381.jpg,512,384
train,metal,data\train\metal\metal382.jpg,512,384
train,metal,data\train\metal\metal383.jpg,512,384
train,metal,data\train\metal\metal386.jpg,512,384
train,metal,data\train\metal\metal387.jpg,512,384
train,metal,data\train\metal\metal389.jpg,512,384
train,metal,data\train\metal\metal390.jpg,512,384
train,metal,data\train\metal\metal391.jpg,512,384
train,metal,data\train\metal\metal392.jpg,512,384
train,metal,data\train\metal\metal394.jpg,512,384
train,metal,data\train\metal\metal396.jpg,512,384
train,metal,data\train\metal\metal397.jpg,512,384
train,metal,data\train\metal\metal398.jpg,512,384
train,metal,data\train\metal\metal4.jpg,512,384
train,metal,data\train\metal\metal40.jpg,512,384
train,metal,data\train\metal\metal401.jpg,512,384
train,metal,data\train\metal\metal402.jpg,512,384
train,metal,data\train\metal\metal406.jpg,512,384
train,metal,data\train\metal\metal407.jpg,512,384
train,metal,data\train\metal\metal408.jpg,512,384
train,metal,data\train\metal\metal409.jpg,512,384
train,metal,data\train\metal\metal41.jpg,512,384
train,metal,data\train\metal\metal410.jpg,512,384
train,metal,data\train\metal\metal42.jpg,512,384
train,metal,data\train\metal\metal43.jpg,512,384
train,metal,data\train\metal\metal48.jpg,512,384
train,metal,data\train\metal\metal5.jpg,512,384
train,metal,data\train\metal\metal50.jpg,512,384
train,metal,data\train\metal\metal53.jpg,512,384
train,metal,data\train\metal\metal55.jpg,512,384
train,metal,data\train\metal\metal56.jpg,512,384
train,metal,data\train\metal\metal58.jpg,512,384
train,metal,data\train\metal\metal60.jpg,512,384
train,metal,data\train\metal\metal61.jpg,512,384
train,metal,data\train\metal\metal63.jpg,512,384
train,metal,data\train\metal\metal64.jpg,512,384
train,metal,data\train\metal\metal65.jpg,512,384
train,metal,data\train\metal\metal66.jpg,512,384
train,metal,data\train\metal\metal67.jpg,512,384
train,metal,data\train\metal\metal68.jpg,512,384
train,metal,data\train\metal\metal69.jpg,512,384
train,metal,data\train\metal\metal7.jpg,512,384
train,metal,data\train\metal\metal71.jpg,512,384
train,metal,data\train\metal\metal73.jpg,512,384
train,metal,data\train\metal\metal74.jpg,512,384
train,metal,data\train\metal\metal75.jpg,512,384
train,metal,data\train\metal\metal76.jpg,512,384
train,metal,data\train\metal\metal78.jpg,512,384
train,metal,data\train\metal\metal79.jpg,512,384
train,metal,data\train\metal\metal8.jpg,512,384
train,metal,data\train\metal\metal80.jpg,512,384
train,metal,data\train\metal\metal82.jpg,512,384
train,metal,data\train\metal\metal83.jpg,512,384
train,metal,data\train\metal\metal84.jpg,512,384
train,metal,data\train\metal\metal85.jpg,512,384
train,metal,data\train\metal\metal86.jpg,512,384
train,metal,data\train\metal\metal87.jpg,512,384
train,metal,data\train\metal\metal88.jpg,512,384
train,metal,data\train\metal\metal9.jpg,512,384
train,metal,data\train\metal\metal90.jpg,512,384
train,metal,data\train\metal\metal91.jpg,512,384
train,metal,data\train\metal\metal92.jpg,512,384
train,metal,data\train\metal\metal94.jpg,512,384
train,metal,data\train\metal\metal95.jpg,512,384
train,metal,data\train\metal\metal96.jpg,512,384
train,metal,data\train\metal\metal99.jpg,512,384
train,paper,data\train\paper\paper1.jpg,512,384
train,paper,data\train\paper\paper10.jpg,512,384
train,paper,data\train\paper\paper101.jpg,512,384
train,paper,data\train\paper\paper102.jpg,512,384
train,paper,data\train\paper\paper103.jpg,512,384
train,paper,data\train\paper\paper104.jpg,512,384
train,paper,data\train\paper\paper105.jpg,512,384
train,paper,data\train\paper\paper107.jpg,512,384
train,paper,data\train\paper\paper108.jpg,512,384
train,paper,data\train\paper\paper109.jpg,512,384
train,paper,data\train\paper\paper11.jpg,512,384
train,paper,data\train\paper\paper110.jpg,512,384
train,paper,data\train\paper\paper113.jpg,512,384
train,paper,data\train\paper\paper114.jpg,512,384
train,paper,data\train\paper\paper115.jpg,512,384
train,paper,data\train\paper\paper116.jpg,512,384
train,paper,data\train\paper\paper117.jpg,512,384
train,paper,data\train\paper\paper12.jpg,512,384
train,paper,data\train\paper\paper120.jpg,512,384
train,paper,data\train\paper\paper123.jpg,512,384
train,paper,data\train\paper\paper124.jpg,512,384
train,paper,data\train\paper\paper125.jpg,512,384
train,paper,data\train\paper\paper126.jpg,512,384
train,paper,data\train\paper\paper13.jpg,512,384
train,paper,data\train\paper\paper130.jpg,512,384
train,paper,data\train\paper\paper131.jpg,512,384
train,paper,data\train\paper\paper134.jpg,512,384
train,paper,data\train\paper\paper135.jpg,512,384
train,paper,data\train\paper\paper137.jpg,512,384
train,paper,data\train\paper\paper138.jpg,512,384
train,paper,data\train\paper\paper139.jpg,512,384
train,paper,data\train\paper\paper14.jpg,512,384
train,paper,data\train\paper\paper141.jpg,512,384
train,paper,data\train\paper\paper143.jpg,512,384
train,paper,data\train\paper\paper146.jpg,512,384
train,paper,data\train\paper\paper147.jpg,512,384
train,paper,data\train\paper\paper148.jpg,512,384
train,paper,data\train\paper\paper15.jpg,512,384
train,paper,data\train\paper\paper150.jpg,512,384
train,paper,data\train\paper\paper152.jpg,512,384
train,paper,data\train\paper\paper153.jpg,512,384
train,paper,data\train\paper\paper154.jpg,512,384
train,paper,data\train\paper\paper156.jpg,512,384
train,paper,data\train\paper\paper158.jpg,512,384
train,paper,data\train\paper\paper159.jpg,512,384
train,paper,data\train\paper\paper16.jpg,512,384
train,paper,data\train\paper\paper160.jpg,512,384
train,paper,data\train\paper\paper161.jpg,512,384
train,paper,data\train\paper\paper163.jpg,512,384
train,paper,data\train\paper\paper164.jpg,512,384
train,paper,data\train\paper\paper165.jpg,512,384
train,paper,data\train\paper\paper166.jpg,512,384
train,paper,data\train\paper\paper168.jpg,512,384
train,paper,data\train\paper\paper169.jpg,512,384
train,paper,data\train\paper\paper17.jpg,512,384
train,paper,data\train\paper\paper170.jpg,512,384
train,paper,data\train\paper\paper171.jpg,512,384
train,paper,data\train\paper\paper172.jpg,512,384
train,paper,data\train\paper\paper173.jpg,512,384
train,paper,data\train\paper\paper174.jpg,512,384
train,paper,data\train\paper\paper175.jpg,512,384
train,paper,data\train\paper\paper176.jpg,512,384
train,paper,data\train\paper\paper177.jpg,512,384
train,paper,data\train\paper\paper178.jpg,512,384
train,paper,data\train\paper\paper179.jpg,512,384
train,paper,data\train\paper\paper180.jpg,512,384
train,paper,data\train\paper\paper181.jpg,512,384
train,paper,data\train\paper\paper182.jpg,512,384
train,paper,data\train\paper\paper184.jpg,512,384
train,paper,data\train\paper\paper185.jpg,512,384
train,paper,data\train\paper\paper186.jpg,512,384
train,paper,data\train\paper\paper187.jpg,512,384
train,paper,data\train\paper\paper188.jpg,512,384
train,paper,data\train\paper\paper19.jpg,512,384
train,paper,data\train\paper\paper191.jpg,512,384
train,paper,data\train\paper\paper192.jpg,512,384
train,paper,data\train\paper\paper193.jpg,512,384
train,paper,data\train\paper\paper194.jpg,512,384
train,paper,data\train\paper\paper195.jpg,512,384
train,paper,data\train\paper\paper196.jpg,512,384
train,paper,data\train\paper\paper197.jpg,512,384
train,paper,data\train\paper\paper198.jpg,512,384
train,paper,data\train\paper\paper2.jpg,512,384
train,paper,data\train\paper\paper201.jpg,512,384
train,paper,data\train\paper\paper202.jpg,512,384
train,paper,data\train\paper\paper204.jpg,512,384
train,paper,data\train\paper\paper207.jpg,512,384
train,paper,data\train\paper\paper209.jpg,512,384
train,paper,data\train\paper\paper21.jpg,512,384
train,paper,data\train\paper\paper210.jpg,512,384
train,paper,data\train\paper\paper213.jpg,512,384
train,paper,data\train\paper\paper215.jpg,512,384
train,paper,data\train\paper\paper216.jpg,512,384
train,paper,data\train\paper\paper217.jpg,512,384
train,paper,data\train\paper\paper218.jpg,512,384
train,paper,data\train\paper\paper221.jpg,512,384
train,paper,data\train\paper\paper222.jpg,512,384
train,paper,data\train\paper\paper224.jpg,512,384
train,paper,data\train\paper\paper226.jpg,512,384
train,paper,data\train\paper\paper227.jpg,512,384
train,paper,data\train\paper\paper229.jpg,512,384
train,paper,data\train\paper\paper23.jpg,512,384
train,paper,data\train\paper\paper230.jpg,512,384
train,paper,data\train\paper\paper231.jpg,512,384
train,paper,data\train\paper\paper233.jpg,512,384
train,paper,data\train\paper\paper236.jpg,512,384
train,paper,data\train\paper\paper237.jpg,512,384
train,paper,data\train\paper\paper239.jpg,512,384
train,paper,data\train\paper\paper24.jpg,512,384
train,paper,data\train\paper\paper240.jpg,512,384
train,paper,data\train\paper\paper242.jpg,512,384
train,paper,data\train\paper\paper244.jpg,512,384
train,paper,data\train\paper\paper245.jpg,512,384
train,paper,data\train\paper\paper246.jpg,512,384
train,paper,data\train\paper\paper25.jpg,512,384
train,paper,data\train\paper\paper250.jpg,512,384
train,paper,data\train\paper\paper251.jpg,512,384
train,paper,data\train\paper\paper252.jpg,512,384
train,paper,data\train\paper\paper253.jpg,512,384
train,paper,data\train\paper\paper254.jpg,512,384
train,paper,data\train\paper\paper256.jpg,512,384
train,paper,data\train\paper\paper257.jpg,512,384
train,paper,data\train\paper\paper258.jpg,512,384
train,paper,data\train\paper\paper259.jpg,512,384
train,paper,data\train\paper\paper260.jpg,512,384
train,paper,data\train\paper\paper261.jpg,512,384
train,paper,data\train\paper\paper262.jpg,512,384
train,paper,data\train\paper\paper263.jpg,512,384
train,paper,data\train\paper\paper264.jpg,512,384
train,paper,data\train\paper\paper265.jpg,512,384
train,paper,data\train\paper\paper267.jpg,512,384
train,paper,data\train\paper\paper268.jpg,512,384
train,paper,data\train\paper\paper269.jpg,512,384
train,paper,data\train\paper\paper27.jpg,512,384
train,paper,data\train\paper\paper270.jpg,512,384
train,paper,data\train\paper\paper271.jpg,512,384
train,paper,data\train\paper\paper272.jpg,512,384
train,paper,data\train\paper\paper273.jpg,512,384
train,paper,data\train\paper\paper276.jpg,512,384
train,paper,data\train\paper\paper277.jpg,512,384
train,paper,data\train\paper\paper278.jpg,512,384
train,paper,data\train\paper\paper279.jpg,512,384
train,paper,data\train\paper\paper28.jpg,512,384
train,paper,data\train\paper\paper280.jpg,512,384
train,paper,data\train\paper\paper281.jpg,512,384
train,paper,data\train\paper\paper282.jpg,512,384
train,paper,data\train\paper\paper285.jpg,512,384
train,paper,data\train\paper\paper286.jpg,512,384
train,paper,data\train\paper\paper287.jpg,512,384
train,paper,data\train\paper\paper288.jpg,512,384
train,paper,data\train\paper\paper291.jpg,512,384
train,paper,data\train\paper\paper292.jpg,512,384
train,paper,data\train\paper\paper294.jpg,512,384
train,paper,data\train\paper\paper297.jpg,512,384
train,paper,data\train\paper\paper30.jpg,512,384
train,paper,data\train\paper\paper300.jpg,512,384
train,paper,data\train\paper\paper301.jpg,512,384
train,paper,data\train\paper\paper304.jpg,512,384
train,paper,data\train\paper\paper306.jpg,512,384
train,paper,data\train\paper\paper309.jpg,512,384
train,paper,data\train\paper\paper310.jpg,512,384
train,paper,data\train\paper\paper311.jpg,512,384
train,paper,data\train\paper\paper312.jpg,512,384
train,paper,data\train\paper\paper317.jpg,512,384
train,paper,data\train\paper\paper319.jpg,512,384
train,paper,data\train\paper\paper320.jpg,512,384
train,paper,data\train\paper\paper321.jpg,512,384
train,paper,data\train\paper\paper322.jpg,512,384
train,paper,data\train\paper\paper324.jpg,512,384
train,paper,data\train\paper\paper326.jpg,512,384
train,paper,data\train\paper\paper327.jpg,512,384
train,paper,data\train\paper\paper328.jpg,512,384
train,paper,data\train\paper\paper329.jpg,512,384
train,paper,data\train\paper\paper332.jpg,512,384
train,paper,data\train\paper\paper333.jpg,512,384
train,paper,data\train\paper\paper334.jpg,512,384
train,paper,data\train\paper\paper336.jpg,512,384
train,paper,data\train\paper\paper337.jpg,512,384
train,paper,data\train\paper\paper338.jpg,512,384
train,paper,data\train\paper\paper34.jpg,512,384
train,paper,data\train\paper\paper344.jpg,512,384
train,paper,data\train\paper\paper345.jpg,512,384
train,paper,data\train\paper\paper346.jpg,512,384
train,paper,data\train\paper\paper347.jpg,512,384
train,paper,data\train\paper\paper348.jpg,512,384
train,paper,data\train\paper\paper349.jpg,512,384
train,paper,data\train\paper\paper35.jpg,512,384
train,paper,data\train\paper\paper350.jpg,512,384
train,paper,data\train\paper\paper352.jpg,512,384
train,paper,data\train\paper\paper355.jpg,512,384
train,paper,data\train\paper\paper356.jpg,512,384
train,paper,data\train\paper\paper358.jpg,512,384
train,paper,data\train\paper\paper359.jpg,512,384
train,paper,data\train\paper\paper36.jpg,512,384
train,paper,data\train\paper\paper360.jpg,512,384
train,paper,data\train\paper\paper361.jpg,512,384
train,paper,data\train\paper\paper362.jpg,512,384
train,paper,data\train\paper\paper363.jpg,512,384
train,paper,data\train\paper\paper364.jpg,512,384
train,paper,data\train\paper\paper365.jpg,512,384
train,paper,data\train\paper\paper366.jpg,512,384
train,paper,data\train\paper\paper367.jpg,512,384
train,paper,data\train\paper\paper368.jpg,512,384
train,paper,data\train\paper\paper37.jpg,512,384
train,paper,data\train\paper\paper371.jpg,512,384
train,paper,data\train\paper\paper373.jpg,512,384
train,paper,data\train\paper\paper375.jpg,512,384
train,paper,data\train\paper\paper376.jpg,512,384
train,paper,data\train\paper\paper377.jpg,512,384
train,paper,data\train\paper\paper379.jpg,512,384
train,paper,data\train\paper\paper380.jpg,512,384
train,paper,data\train\paper\paper381.jpg,512,384
train,paper,data\train\paper\paper383.jpg,512,384
train,paper,data\train\paper\paper384.jpg,512,384
train,paper,data\train\paper\paper385.jpg,512,384
train,paper,data\train\paper\paper386.jpg,512,384
train,paper,data\train\paper\paper388.jpg,512,384
train,paper,data\train\paper\paper389.jpg,512,384
train,paper,data\train\paper\paper39.jpg,512,384
train,paper,data\train\paper\paper390.jpg,512,384
train,paper,data\train\paper\paper392.jpg,512,384
train,paper,data\train\paper\paper393.jpg,512,384
train,paper,data\train\paper\paper394.jpg,512,384
train,paper,data\train\paper\paper395.jpg,512,384
train,paper,data\train\paper\paper397.jpg,512,384
train,paper,data\train\paper\paper398.jpg,512,384
train,paper,data\train\paper\paper399.jpg,512,384
train,paper,data\train\paper\paper40.jpg,512,384
train,paper,data\train\paper\paper403.jpg,512,384
train,paper,data\train\paper\paper404.jpg,512,384
train,paper,data\train\paper\paper405.jpg,512,384
train,paper,data\train\paper\paper407.jpg,512,384
train,paper,data\train\paper\paper408.jpg,512,384
train,paper,data\train\paper\paper409.jpg,512,384
train,paper,data\train\paper\paper41.jpg,512,384
train,paper,data\train\paper\paper410.jpg,512,384
train,paper,data\train\paper\paper411.jpg,512,384
train,paper,data\train\paper\paper412.jpg,512,384
train,paper,data\train\paper\paper413.jpg,512,384
train,paper,data\train\paper\paper414.jpg,512,384
train,paper,data\train\paper\paper416.jpg,512,384
train,paper,data\train\paper\paper417.jpg,512,384
train,paper,data\train\paper\paper418.jpg,512,384
train,paper,data\train\paper\paper419.jpg,512,384
train,paper,data\train\paper\paper42.jpg,512,384
train,paper,data\train\paper\paper420.jpg,512,384
train,paper,data\train\paper\paper421.jpg,512,384
train,paper,data\train\paper\paper423.jpg,512,384
train,paper,data\train\paper\paper424.jpg,512,384
train,paper,data\train\paper\paper425.jpg,512,384
train,paper,data\train\paper\paper426.jpg,512,384
train,paper,data\train\paper\paper428.jpg,512,384
train,paper,data\train\paper\paper430.jpg,512,384
train,paper,data\train\paper\paper432.jpg,512,384
train,paper,data\train\paper\paper436.jpg,512,384
train,paper,data\train\paper\paper437.jpg,512,384
train,paper,data\train\paper\paper44.jpg,512,384
train,paper,data\train\paper\paper443.jpg,512,384
train,paper,data\train\paper\paper444.jpg,512,384
train,paper,data\train\paper\paper445.jpg,512,384
train,paper,data\train\paper\paper446.jpg,512,384
train,paper,data\train\paper\paper447.jpg,512,384
train,paper,data\train\paper\paper448.jpg,512,384
train,paper,data\train\paper\paper449.jpg,512,384
train,paper,data\train\paper\paper45.jpg,512,384
train,paper,data\train\paper\paper451.jpg,512,384
train,paper,data\train\paper\paper452.jpg,512,384
train,paper,data\train\paper\paper454.jpg,512,384
train,paper,data\train\paper\paper455.jpg,512,384
train,paper,data\train\paper\paper456.jpg,512,384
train,paper,data\train\paper\paper459.jpg,512,384
train,paper,data\train\paper\paper46.jpg,512,384
train,paper,data\train\paper\paper461.jpg,512,384
train,paper,data\train\paper\paper464.jpg,512,384
train,paper,data\train\paper\paper467.jpg,512,384
train,paper,data\train\paper\paper468.jpg,512,384
train,paper,data\train\paper\paper469.jpg,512,384
train,paper,data\train\paper\paper47.jpg,512,384
train,paper,data\train\paper\paper470.jpg,512,384
train,paper,data\train\paper\paper471.jpg,512,384
train,paper,data\train\paper\paper472.jpg,512,384
train,paper,data\train\paper\paper473.jpg,512,384
train,paper,data\train\paper\paper474.jpg,512,384
train,paper,data\train\paper\paper477.jpg,512,384
train,paper,data\train\paper\paper478.jpg,512,384
train,paper,data\train\paper\paper479.jpg,512,384
train,paper,data\train\paper\paper48.jpg,512,384
train,paper,data\train\paper\paper482.jpg,512,384
train,paper,data\train\paper\paper483.jpg,512,384
train,paper,data\train\paper\paper484.jpg,512,384
train,paper,data\train\paper\paper485.jpg,512,384
train,paper,data\train\paper\paper487.jpg,512,384
train,paper,data\train\paper\paper488.jpg,512,384
train,paper,data\train\paper\paper489.jpg,512,384
train,paper,data\train\paper\paper490.jpg,512,384
train,paper,data\train\paper\paper491.jpg,512,384
train,paper,data\train\paper\paper492.jpg,512,384
train,paper,data\train\paper\paper493.jpg,512,384
train,paper,data\train\paper\paper494.jpg,512,384
train,paper,data\train\paper\paper496.jpg,512,384
train,paper,data\train\paper\paper497.jpg,512,384
train,paper,data\train\paper\paper5.jpg,512,384
train,paper,data\train\paper\paper50.jpg,512,384
train,paper,data\train\paper\paper500.jpg,512,384
train,paper,data\train\paper\paper501.jpg,512,384
train,paper,data\train\paper\paper502.jpg,512,384
train,paper,data\train\paper\paper503.jpg,512,384
train,paper,data\train\paper\paper504.jpg,512,384
train,paper,data\train\paper\paper505.jpg,512,384
train,paper,data\train\paper\paper506.jpg,512,384
train,paper,data\train\paper\paper507.jpg,512,384
train,paper,data\train\paper\paper51.jpg,512,384
train,paper,data\train\paper\paper510.jpg,512,384
train,paper,data\train\paper\paper511.jpg,512,384
train,paper,data\train\paper\paper512.jpg,512,384
train,paper,data\train\paper\paper514.jpg,512,384
train,paper,data\train\paper\paper515.jpg,512,384
train,paper,data\train\paper\paper519.jpg,512,384
train,paper,data\train\paper\paper520.jpg,512,384
train,paper,data\train\paper\paper521.jpg,512,384
train,paper,data\train\paper\paper522.jpg,512,384
train,paper,data\train\paper\paper523.jpg,512,384
train,paper,data\train\paper\paper524.jpg,512,384
train,paper,data\train\paper\paper525.jpg,512,384
train,paper,data\train\paper\paper526.jpg,512,384
train,paper,data\train\paper\paper528.jpg,512,384
train,paper,data\train\paper\paper529.jpg,512,384
train,paper,data\train\paper\paper53.jpg,512,384
train,paper,data\train\paper\paper530.jpg,512,384
train,paper,data\train\paper\paper531.jpg,512,384
train,paper,data\train\paper\paper532.jpg,512,384
train,paper,data\train\paper\paper534.jpg,512,384
train,paper,data\train\paper\paper536.jpg,512,384
train,paper,data\train\paper\paper537.jpg,512,384
train,paper,data\train\paper\paper54.jpg,512,384
train,paper,data\train\paper\paper540.jpg,512,384
train,paper,data\train\paper\paper541.jpg,512,384
train,paper,data\train\paper\paper542.jpg,512,384
train,paper,data\train\paper\paper543.jpg,512,384
train,paper,data\train\paper\paper544.jpg,512,384
train,paper,data\train\paper\paper545.jpg,512,384
train,paper,data\train\paper\paper546.jpg,512,384
train,paper,data\train\paper\paper548.jpg,512,384
train,paper,data\train\paper\paper549.jpg,512,384
train,paper,data\train\paper\paper55.jpg,512,384
train,paper,data\train\paper\paper551.jpg,512,384
train,paper,data\train\paper\paper552.jpg,512,384
train,paper,data\train\paper\paper554.jpg,512,384
train,paper,data\train\paper\paper555.jpg,512,384
train,paper,data\train\paper\paper556.jpg,512,384
train,paper,data\train\paper\paper557.jpg,512,384
train,paper,data\train\paper\paper558.jpg,512,384
train,paper,data\train\paper\paper559.jpg,512,384
train,paper,data\train\paper\paper56.jpg,512,384
train,paper,data\train\paper\paper561.jpg,512,384
train,paper,data\train\paper\paper563.jpg,512,384
train,paper,data\train\paper\paper564.jpg,512,384
train,paper,data\train\paper\paper565.jpg,512,384
train,paper,data\train\paper\paper566.jpg,512,384
train,paper,data\train\paper\paper567.jpg,512,384
train,paper,data\train\paper\paper568.jpg,512,384
train,paper,data\train\paper\paper569.jpg,512,384
train,paper,data\train\paper\paper57.jpg,512,384
train,paper,data\train\paper\paper570.jpg,512,384
train,paper,data\train\paper\paper571.jpg,512,384
train,paper,data\train\paper\paper572.jpg,512,384
train,paper,data\train\paper\paper574.jpg,512,384
train,paper,data\train\paper\paper575.jpg,512,384
train,paper,data\train\paper\paper576.jpg,512,384
train,paper,data\train\paper\paper577.jpg,512,384
train,paper,data\train\paper\paper578.jpg,512,384
train,paper,data\train\paper\paper579.jpg,512,384
train,paper,data\train\paper\paper58.jpg,512,384
train,paper,data\train\paper\paper580.jpg,512,384
train,paper,data\train\paper\paper581.jpg,512,384
train,paper,data\train\paper\paper583.jpg,512,384
train,paper,data\train\paper\paper584.jpg,512,384
train,paper,data\train\paper\paper586.jpg,512,384
train,paper,data\train\paper\paper587.jpg,512,384
train,paper,data\train\paper\paper588.jpg,512,384
train,paper,data\train\paper\paper589.jpg,512,384
train,paper,data\train\paper\paper59.jpg,512,384
train,paper,data\train\paper\paper590.jpg,512,384
train,paper,data\train\paper\paper591.jpg,512,384
train,paper,data\train\paper\paper592.jpg,512,384
train,paper,data\train\paper\paper593.jpg,512,384
train,paper,data\train\paper\paper61.jpg,512,384
train,paper,data\train\paper\paper65.jpg,512,384
train,paper,data\train\paper\paper66.jpg,512,384
train,paper,data\train\paper\paper67.jpg,512,384
train,paper,data\train\paper\paper7.jpg,512,384
train,paper,data\train\paper\paper70.jpg,512,384
train,paper,data\train\paper\paper71.jpg,512,384
train,paper,data\train\paper\paper73.jpg,512,384
train,paper,data\train\paper\paper74.jpg,512,384
train,paper,data\train\paper\paper75.jpg,512,384
train,paper,data\train\paper\paper76.jpg,512,384
train,paper,data\train\paper\paper78.jpg,512,384
train,paper,data\train\paper\paper79.jpg,512,384
train,paper,data\train\paper\paper8.jpg,512,384
train,paper,data\train\paper\paper80.jpg,512,384
train,paper,data\train\paper\paper83.jpg,512,384
train,paper,data\train\paper\paper85.jpg,512,384
train,paper,data\train\paper\paper87.jpg,512,384
train,paper,data\train\paper\paper88.jpg,512,384
train,paper,data\train\paper\paper89.jpg,512,384
train,paper,data\train\paper\paper9.jpg,512,384
train,paper,data\train\paper\paper91.jpg,512,384
train,paper,data\train\paper\paper92.jpg,512,384
train,paper,data\train\paper\paper93.jpg,512,384
train,paper,data\train\paper\paper94.jpg,512,384
train,paper,data\train\paper\paper96.jpg,512,384
train,paper,data\train\paper\paper97.jpg,512,384
train,paper,data\train\paper\paper98.jpg,512,384
train,paper,data\train\paper\paper99.jpg,512,384
train,plastic,data\train\plastic\plastic10.jpg,512,384
train,plastic,data\train\plastic\plastic101.jpg,512,384
train,plastic,data\train\plastic\plastic102.jpg,512,384
train,plastic,data\train\plastic\plastic103.jpg,512,384
train,plastic,data\train\plastic\plastic104.jpg,512,384
train,plastic,data\train\plastic\plastic105.jpg,512,384
train,plastic,data\train\plastic\plastic109.jpg,512,384
train,plastic,data\train\plastic\plastic11.jpg,512,384
train,plastic,data\train\plastic\plastic112.jpg,512,384
train,plastic,data\train\plastic\plastic113.jpg,512,384
train,plastic,data\train\plastic\plastic114.jpg,512,384
train,plastic,data\train\plastic\plastic117.jpg,512,384
train,plastic,data\train\plastic\plastic12.jpg,512,384
train,plastic,data\train\plastic\plastic121.jpg,512,384
train,plastic,data\train\plastic\plastic122.jpg,512,384
train,plastic,data\train\plastic\plastic124.jpg,512,384
train,plastic,data\train\plastic\plastic125.jpg,512,384
train,plastic,data\train\plastic\plastic126.jpg,512,384
train,plastic,data\train\plastic\plastic127.jpg,512,384
train,plastic,data\train\plastic\plastic129.jpg,512,384
train,plastic,data\train\plastic\plastic130.jpg,512,384
train,plastic,data\train\plastic\plastic131.jpg,512,384
train,plastic,data\train\plastic\plastic132.jpg,512,384
train,plastic,data\train\plastic\plastic133.jpg,512,384
train,plastic,data\train\plastic\plastic134.jpg,512,384
train,plastic,data\train\plastic\plastic137.jpg,512,384
train,plastic,data\train\plastic\plastic139.jpg,512,384
train,plastic,data\train\plastic\plastic14.jpg,512,384
train,plastic,data\train\plastic\plastic140.jpg,512,384
train,plastic,data\train\plastic\plastic141.jpg,512,384
train,plastic,data\train\plastic\plastic142.jpg,512,384
train,plastic,data\train\plastic\plastic143.jpg,512,384
train,plastic,data\train\plastic\plastic145.jpg,512,384
train,plastic,data\train\plastic\plastic146.jpg,512,384
train,plastic,data\train\plastic\plastic148.jpg,512,384
train,plastic,data\train\plastic\plastic149.jpg,512,384
train,plastic,data\train\plastic\plastic150.jpg,512,384
train,plastic,data\train\plastic\plastic151.jpg,512,384
train,plastic,data\train\plastic\plastic152.jpg,512,384
train,plastic,data\train\plastic\plastic153.jpg,512,384
train,plastic,data\train\plastic\plastic154.jpg,512,384
train,plastic,data\train\plastic\plastic156.jpg,512,384
train,plastic,data\train\plastic\plastic157.jpg,512,384
train,plastic,data\train\plastic\plastic158.jpg,512,384
train,plastic,data\train\plastic\plastic159.jpg,512,384
train,plastic,data\train\plastic\plastic16.jpg,512,384
train,plastic,data\train\plastic\plastic164.jpg,512,384
train,plastic,data\train\plastic\plastic167.jpg,512,384
train,plastic,data\train\plastic\plastic169.jpg,512,384
train,plastic,data\train\plastic\plastic17.jpg,512,384
train,plastic,data\train\plastic\plastic170.jpg,512,384
train,plastic,data\train\plastic\plastic171.jpg,512,384
train,plastic,data\train\plastic\plastic172.jpg,512,384
train,plastic,data\train\plastic\plastic173.jpg,512,384
train,plastic,data\train\plastic\plastic174.jpg,512,384
train,plastic,data\train\plastic\plastic175.jpg,512,384
train,plastic,data\train\plastic\plastic176.jpg,512,384
train,plastic,data\train\plastic\plastic177.jpg,512,384
train,plastic,data\train\plastic\plastic178.jpg,512,384
train,plastic,data\train\plastic\plastic179.jpg,512,384
train,plastic,data\train\plastic\plastic180.jpg,512,384
train,plastic,data\train\plastic\plastic181.jpg,512,384
train,plastic,data\train\plastic\plastic182.jpg,512,384
train,plastic,data\train\plastic\plastic184.jpg,512,384
train,plastic,data\train\plastic\plastic186.jpg,512,384
train,plastic,data\train\plastic\plastic188.jpg,512,384
train,plastic,data\train\plastic\plastic189.jpg,512,384
train,plastic,data\train\plastic\plastic19.jpg,512,384
train,plastic,data\train\plastic\plastic190.jpg,512,384
train,plastic,data\train\plastic\plastic193.jpg,512,384
train,plastic,data\train\plastic\plastic194.jpg,512,384
train,plastic,data\train\plastic\plastic195.jpg,512,384
train,plastic,data\train\plastic\plastic196.jpg,512,384
train,plastic,data\train\plastic\plastic197.jpg,512,384
train,plastic,data\train\plastic\plastic198.jpg,512,384
train,plastic,data\train\plastic\plastic2.jpg,512,384
train,plastic,data\train\plastic\plastic20.jpg,512,384
train,plastic,data\train\plastic\plastic200.jpg,512,384
train,plastic,data\train\plastic\plastic202.jpg,512,384
train,plastic,data\train\plastic\plastic203.jpg,512,384
train,plastic,data\train\plastic\plastic204.jpg,512,384
train,plastic,data\train\plastic\plastic205.jpg,512,384
train,plastic,data\train\plastic\plastic206.jpg,512,384
train,plastic,data\train\plastic\plastic210.jpg,512,384
train,plastic,data\train\plastic\plastic211.jpg,512,384
train,plastic,data\train\plastic\plastic212.jpg,512,384
train,plastic,data\train\plastic\plastic213.jpg,512,384
train,plastic,data\train\plastic\plastic214.jpg,512,384
train,plastic,data\train\plastic\plastic216.jpg,512,384
train,plastic,data\train\plastic\plastic218.jpg,512,384
train,plastic,data\train\plastic\plastic219.jpg,512,384
train,plastic,data\train\plastic\plastic22.jpg,512,384
train,plastic,data\train\plastic\plastic220.jpg,512,384
train,plastic,data\train\plastic\plastic221.jpg,512,384
train,plastic,data\train\plastic\plastic222.jpg,512,384
train,plastic,data\train\plastic\plastic223.jpg,512,384
train,plastic,data\train\plastic\plastic224.jpg,512,384
train,plastic,data\train\plastic\plastic225.jpg,512,384
train,plastic,data\train\plastic\plastic226.jpg,512,384
train,plastic,data\train\plastic\plastic227.jpg,512,384
train,plastic,data\train\plastic\plastic228.jpg,512,384
train,plastic,data\train\plastic\plastic229.jpg,512,384
train,plastic,data\train\plastic\plastic23.jpg,512,384
train,plastic,data\train\plastic\plastic232.jpg,512,384
train,plastic,data\train\plastic\plastic235.jpg,512,384
train,plastic,data\train\plastic\plastic236.jpg,512,384
train,plastic,data\train\plastic\plastic237.jpg,512,384
train,plastic,data\train\plastic\plastic239.jpg,512,384
train,plastic,data\train\plastic\plastic24.jpg,512,384
train,plastic,data\train\plastic\plastic240.jpg,512,384
train,plastic,data\train\plastic\plastic242.jpg,512,384
train,plastic,data\train\plastic\plastic243.jpg,512,384
train,plastic,data\train\plastic\plastic245.jpg,512,384
train,plastic,data\train\plastic\plastic247.jpg,512,384
train,plastic,data\train\plastic\plastic248.jpg,512,384
train,plastic,data\train\plastic\plastic249.jpg,512,384
train,plastic,data\train\plastic\plastic25.jpg,512,384
train,plastic,data\train\plastic\plastic250.jpg,512,384
train,plastic,data\train\plastic\plastic251.jpg,512,384
train,plastic,data\train\plastic\plastic254.jpg,512,384
train,plastic,data\train\plastic\plastic256.jpg,512,384
train,plastic,data\train\plastic\plastic257.jpg,512,384
train,plastic,data\train\plastic\plastic259.jpg,512,384
train,plastic,data\train\plastic\plastic26.jpg,512,384
train,plastic,data\train\plastic\plastic260.jpg,512,384
train,plastic,data\train\plastic\plastic262.jpg,512,384
train,plastic,data\train\plastic\plastic264.jpg,512,384
train,plastic,data\train\plastic\plastic266.jpg,512,384
train,plastic,data\train\plastic\plastic267.jpg,512,384
train,plastic,data\train\plastic\plastic268.jpg,512,384
train,plastic,data\train\plastic\plastic269.jpg,512,384
train,plastic,data\train\plastic\plastic27.jpg,512,384
train,plastic,data\train\plastic\plastic270.jpg,512,384
train,plastic,data\train\plastic\plastic272.jpg,512,384
train,plastic,data\train\plastic\plastic273.jpg,512,384
train,plastic,data\train\plastic\plastic274.jpg,512,384
train,plastic,data\train\plastic\plastic275.jpg,512,384
train,plastic,data\train\plastic\plastic276.jpg,512,384
train,plastic,data\train\plastic\plastic28.jpg,512,384
train,plastic,data\train\plastic\plastic280.jpg,512,384
train,plastic,data\train\plastic\plastic283.jpg,512,384
train,plastic,data\train\plastic\plastic284.jpg,512,384
train,plastic,data\train\plastic\plastic285.jpg,512,384
train,plastic,data\train\plastic\plastic286.jpg,512,384
train,plastic,data\train\plastic\plastic287.jpg,512,384
train,plastic,data\train\plastic\plastic288.jpg,512,384
train,plastic,data\train\plastic\plastic289.jpg,512,384
train,plastic,data\train\plastic\plastic29.jpg,512,384
train,plastic,data\train\plastic\plastic293.jpg,512,384
train,plastic,data\train\plastic\plastic295.jpg,512,384
train,plastic,data\train\plastic\plastic296.jpg,512,384
train,plastic,data\train\plastic\plastic298.jpg,512,384
train,plastic,data\train\plastic\plastic299.jpg,512,384
train,plastic,data\train\plastic\plastic3.jpg,512,384
train,plastic,data\train\plastic\plastic30.jpg,512,384
train,plastic,data\train\plastic\plastic300.jpg,512,384
train,plastic,data\train\plastic\plastic301.jpg,512,384
train,plastic,data\train\plastic\plastic302.jpg,512,384
train,plastic,data\train\plastic\plastic303.jpg,512,384
train,plastic,data\train\plastic\plastic304.jpg,512,384
train,plastic,data\train\plastic\plastic306.jpg,512,384
train,plastic,data\train\plastic\plastic307.jpg,512,384
train,plastic,data\train\plastic\plastic308.jpg,512,384
train,plastic,data\train\plastic\plastic309.jpg,512,384
train,plastic,data\train\plastic\plastic310.jpg,512,384
train,plastic,data\train\plastic\plastic311.jpg,512,384
train,plastic,data\train\plastic\plastic313.jpg,512,384
train,plastic,data\train\plastic\plastic314.jpg,512,384
train,plastic,data\train\plastic\plastic318.jpg,512,384
train,plastic,data\train\plastic\plastic319.jpg,512,384
train,plastic,data\train\plastic\plastic320.jpg,512,384
train,plastic,data\train\plastic\plastic321.jpg,512,384
train,plastic,data\train\plastic\plastic322.jpg,512,384
train,plastic,data\train\plastic\plastic323.jpg,512,384
train,plastic,data\train\plastic\plastic324.jpg,512,384
train,plastic,data\train\plastic\plastic325.jpg,512,384
train,plastic,data\train\plastic\plastic326.jpg,512,384
train,plastic,data\train\plastic\plastic327.jpg,512,384
train,plastic,data\train\plastic\plastic328.jpg,512,384
train,plastic,data\train\plastic\plastic33.jpg,512,384
train,plastic,data\train\plastic\plastic331.jpg,512,384
train,plastic,data\train\plastic\plastic333.jpg,512,384
train,plastic,data\train\plastic\plastic334.jpg,512,384
train,plastic,data\train\plastic\plastic335.jpg,512,384
train,plastic,data\train\plastic\plastic337.jpg,512,384
train,plastic,data\train\plastic\plastic338.jpg,512,384
train,plastic,data\train\plastic\plastic339.jpg,512,384
train,plastic,data\train\plastic\plastic34.jpg,512,384
train,plastic,data\train\plastic\plastic343.jpg,512,384
train,plastic,data\train\plastic\plastic344.jpg,512,384
train,plastic,data\train\plastic\plastic345.jpg,512,384
train,plastic,data\train\plastic\plastic347.jpg,512,384
train,plastic,data\train\plastic\plastic348.jpg,512,384
train,plastic,data\train\plastic\plastic349.jpg,512,384
train,plastic,data\train\plastic\plastic352.jpg,512,384
train,plastic,data\train\plastic\plastic353.jpg,512,384
train,plastic,data\train\plastic\plastic355.jpg,512,384
train,plastic,data\train\plastic\plastic356.jpg,512,384
train,plastic,data\train\plastic\plastic357.jpg,512,384
train,plastic,data\train\plastic\plastic358.jpg,512,384
train,plastic,data\train\plastic\plastic359.jpg,512,384
train,plastic,data\train\plastic\plastic36.jpg,512,384
train,plastic,data\train\plastic\plastic360.jpg,512,384
train,plastic,data\train\plastic\plastic361.jpg,512,384
train,plastic,data\train\plastic\plastic363.jpg,512,384
train,plastic,data\train\plastic\plastic365.jpg,512,384
train,plastic,data\train\plastic\plastic366.jpg,512,384
train,plastic,data\train\plastic\plastic368.jpg,512,384
train,plastic,data\train\plastic\plastic369.jpg,512,384
train,plastic,data\train\plastic\plastic37.jpg,512,384
train,plastic,data\train\plastic\plastic370.jpg,512,384
train,plastic,data\train\plastic\plastic371.jpg,512,384
train,plastic,data\train\plastic\plastic372.jpg,512,384
train,plastic,data\train\plastic\plastic373.jpg,512,384
train,plastic,data\train\plastic\plastic375.jpg,512,384
train,plastic,data\train\plastic\plastic376.jpg,512,384
train,plastic,data\train\plastic\plastic377.jpg,512,384
train,plastic,data\train\plastic\plastic378.jpg,512,384
train,plastic,data\train\plastic\plastic379.jpg,512,384
train,plastic,data\train\plastic\plastic380.jpg,512,384
train,plastic,data\train\plastic\plastic381.jpg,512,384
train,plastic,data\train\plastic\plastic384.jpg,512,384
train,plastic,data\train\plastic\plastic385.jpg,512,384
train,plastic,data\train\plastic\plastic387.jpg,512,384
train,plastic,data\train\plastic\plastic388.jpg,512,384
train,plastic,data\train\plastic\plastic39.jpg,512,384
train,plastic,data\train\plastic\plastic391.jpg,512,384
train,plastic,data\train\plastic\plastic393.jpg,512,384
train,plastic,data\train\plastic\plastic395.jpg,512,384
train,plastic,data\train\plastic\plastic397.jpg,512,384
train,plastic,data\train\plastic\plastic4.jpg,512,384
train,plastic,data\train\plastic\plastic40.jpg,512,384
train,plastic,data\train\plastic\plastic400.jpg,512,384
train,plastic,data\train\plastic\plastic402.jpg,512,384
train,plastic,data\train\plastic\plastic403.jpg,512,384
train,plastic,data\train\plastic\plastic404.jpg,512,384
train,plastic,data\train\plastic\plastic406.jpg,512,384
train,plastic,data\train\plastic\plastic408.jpg,512,384
train,plastic,data\train\plastic\plastic409.jpg,512,384
train,plastic,data\train\plastic\plastic41.jpg,512,384
train,plastic,data\train\plastic\plastic410.jpg,512,384
train,plastic,data\train\plastic\plastic411.jpg,512,384
train,plastic,data\train\plastic\plastic412.jpg,512,384
train,plastic,data\train\plastic\plastic413.jpg,512,384
train,plastic,data\train\plastic\plastic415.jpg,512,384
train,plastic,data\train\plastic\plastic416.jpg,512,384
train,plastic,data\train\plastic\plastic417.jpg,512,384
train,plastic,data\train\plastic\plastic419.jpg,512,384
train,plastic,data\train\plastic\plastic420.jpg,512,384
train,plastic,data\train\plastic\plastic421.jpg,512,384
train,plastic,data\train\plastic\plastic422.jpg,512,384
train,plastic,data\train\plastic\plastic423.jpg,512,384
train,plastic,data\train\plastic\plastic425.jpg,512,384
train,plastic,data\train\plastic\plastic426.jpg,512,384
train,plastic,data\train\plastic\plastic427.jpg,512,384
train,plastic,data\train\plastic\plastic429.jpg,512,384
train,plastic,data\train\plastic\plastic430.jpg,512,384
train,plastic,data\train\plastic\plastic432.jpg,512,384
train,plastic,data\train\plastic\plastic433.jpg,512,384
train,plastic,data\train\plastic\plastic435.jpg,512,384
train,plastic,data\train\plastic\plastic436.jpg,512,384
train,plastic,data\train\plastic\plastic438.jpg,512,384
train,plastic,data\train\plastic\plastic439.jpg,512,384
train,plastic,data\train\plastic\plastic44.jpg,512,384
train,plastic,data\train\plastic\plastic440.jpg,512,384
train,plastic,data\train\plastic\plastic442.jpg,512,384
train,plastic,data\train\plastic\plastic445.jpg,512,384
train,plastic,data\train\plastic\plastic446.jpg,512,384
train,plastic,data\train\plastic\plastic447.jpg,512,384
train,plastic,data\train\plastic\plastic45.jpg,512,384
train,plastic,data\train\plastic\plastic450.jpg,512,384
train,plastic,data\train\plastic\plastic451.jpg,512,384
train,plastic,data\train\plastic\plastic452.jpg,512,384
train,plastic,data\train\plastic\plastic455.jpg,512,384
train,plastic,data\train\plastic\plastic458.jpg,512,384
train,plastic,data\train\plastic\plastic459.jpg,512,384
train,plastic,data\train\plastic\plastic46.jpg,512,384
train,plastic,data\train\plastic\plastic460.jpg,512,384
train,plastic,data\train\plastic\plastic461.jpg,512,384
train,plastic,data\train\plastic\plastic462.jpg,512,384
train,plastic,data\train\plastic\plastic463.jpg,512,384
train,plastic,data\train\plastic\plastic466.jpg,512,384
train,plastic,data\train\plastic\plastic467.jpg,512,384
train,plastic,data\train\plastic\plastic468.jpg,512,384
train,plastic,data\train\plastic\plastic469.jpg,512,384
train,plastic,data\train\plastic\plastic47.jpg,512,384
train,plastic,data\train\plastic\plastic470.jpg,512,384
train,plastic,data\train\plastic\plastic472.jpg,512,384
train,plastic,data\train\plastic\plastic476.jpg,512,384
train,plastic,data\train\plastic\plastic477.jpg,512,384
train,plastic,data\train\plastic\plastic478.jpg,512,384
train,plastic,data\train\plastic\plastic479.jpg,512,384
train,plastic,data\train\plastic\plastic49.jpg,512,384
train,plastic,data\train\plastic\plastic50.jpg,512,384
train,plastic,data\train\plastic\plastic52.jpg,512,384
train,plastic,data\train\plastic\plastic53.jpg,512,384
train,plastic,data\train\plastic\plastic54.jpg,512,384
train,plastic,data\train\plastic\plastic55.jpg,512,384
train,plastic,data\train\plastic\plastic56.jpg,512,384
train,plastic,data\train\plastic\plastic58.jpg,512,384
train,plastic,data\train\plastic\plastic59.jpg,512,384
train,plastic,data\train\plastic\plastic6.jpg,512,384
train,plastic,data\train\plastic\plastic60.jpg,512,384
train,plastic,data\train\plastic\plastic61.jpg,512,384
train,plastic,data\train\plastic\plastic62.jpg,512,384
train,plastic,data\train\plastic\plastic63.jpg,512,384
train,plastic,data\train\plastic\plastic64.jpg,512,384
train,plastic,data\train\plastic\plastic65.jpg,512,384
train,plastic,data\train\plastic\plastic66.jpg,512,384
train,plastic,data\train\plastic\plastic67.jpg,512,384
train,plastic,data\train\plastic\plastic68.jpg,512,384
train,plastic,data\train\plastic\plastic69.jpg,512,384
train,plastic,data\train\plastic\plastic7.jpg,512,384
train,plastic,data\train\plastic\plastic71.jpg,512,384
train,plastic,data\train\plastic\plastic72.jpg,512,384
train,plastic,data\train\plastic\plastic73.jpg,512,384
train,plastic,data\train\plastic\plastic76.jpg,512,384
train,plastic,data\train\plastic\plastic77.jpg,512,384
train,plastic,data\train\plastic\plastic79.jpg,512,384
train,plastic,data\train\plastic\plastic8.jpg,512,384
train,plastic,data\train\plastic\plastic80.jpg,512,384
train,plastic,data\train\plastic\plastic82.jpg,512,384
train,plastic,data\train\plastic\plastic83.jpg,512,384
train,plastic,data\train\plastic\plastic84.jpg,512,384
train,plastic,data\train\plastic\plastic85.jpg,512,384
train,plastic,data\train\plastic\plastic86.jpg,512,384
train,plastic,data\train\plastic\plastic87.jpg,512,384
train,plastic,data\train\plastic\plastic88.jpg,512,384
train,plastic,data\train\plastic\plastic89.jpg,512,384
train,plastic,data\train\plastic\plastic90.jpg,512,384
train,plastic,data\train\plastic\plastic91.jpg,512,384
train,plastic,data\train\plastic\plastic92.jpg,512,384
train,plastic,data\train\plastic\plastic95.jpg,512,384
train,plastic,data\train\plastic\plastic96.jpg,512,384
train,plastic,data\train\plastic\plastic97.jpg,512,384
train,plastic,data\train\plastic\plastic98.jpg,512,384
train,plastic,data\train\plastic\plastic99.jpg,512,384
train,trash,data\train\trash\trash1.jpg,512,384
train,trash,data\train\trash\trash10.jpg,512,384
train,trash,data\train\trash\trash100.jpg,512,384
train,trash,data\train\trash\trash103.jpg,512,384
train,trash,data\train\trash\trash105.jpg,512,384
train,trash,data\train\trash\trash106.jpg,512,384
train,trash,data\train\trash\trash107.jpg,512,384
train,trash,data\train\trash\trash108.jpg,512,384
train,trash,data\train\trash\trash109.jpg,512,384
train,trash,data\train\trash\trash11.jpg,512,384
train,trash,data\train\trash\trash110.jpg,512,384
train,trash,data\train\trash\trash112.jpg,512,384
train,trash,data\train\trash\trash113.jpg,512,384
train,trash,data\train\trash\trash114.jpg,512,384
train,trash,data\train\trash\trash115.jpg,512,384
train,trash,data\train\trash\trash116.jpg,512,384
train,trash,data\train\trash\trash117.jpg,512,384
train,trash,data\train\trash\trash119.jpg,512,384
train,trash,data\train\trash\trash12.jpg,512,384
train,trash,data\train\trash\trash120.jpg,512,384
train,trash,data\train\trash\trash121.jpg,512,384
train,trash,data\train\trash\trash122.jpg,512,384
train,trash,data\train\trash\trash123.jpg,512,384
train,trash,data\train\trash\trash124.jpg,512,384
train,trash,data\train\trash\trash126.jpg,512,384
train,trash,data\train\trash\trash127.jpg,512,384
train,trash,data\train\trash\trash128.jpg,512,384
train,trash,data\train\trash\trash13.jpg,512,384
train,trash,data\train\trash\trash130.jpg,512,384
train,trash,data\train\trash\trash131.jpg,512,384
train,trash,data\train\trash\trash132.jpg,512,384
train,trash,data\train\trash\trash133.jpg,512,384
train,trash,data\train\trash\trash135.jpg,512,384
train,trash,data\train\trash\trash14.jpg,512,384
train,trash,data\train\trash\trash15.jpg,512,384
train,trash,data\train\trash\trash16.jpg,512,384
train,trash,data\train\trash\trash17.jpg,512,384
train,trash,data\train\trash\trash19.jpg,512,384
train,trash,data\train\trash\trash2.jpg,512,384
train,trash,data\train\trash\trash20.jpg,512,384
train,trash,data\train\trash\trash21.jpg,512,384
train,trash,data\train\trash\trash22.jpg,512,384
train,trash,data\train\trash\trash24.jpg,512,384
train,trash,data\train\trash\trash25.jpg,512,384
train,trash,data\train\trash\trash26.jpg,512,384
train,trash,data\train\trash\trash27.jpg,512,384
train,trash,data\train\trash\trash28.jpg,512,384
train,trash,data\train\trash\trash29.jpg,512,384
train,trash,data\train\trash\trash31.jpg,512,384
train,trash,data\train\trash\trash32.jpg,512,384
train,trash,data\train\trash\trash33.jpg,512,384
train,trash,data\train\trash\trash34.jpg,512,384
train,trash,data\train\trash\trash35.jpg,512,384
train,trash,data\train\trash\trash37.jpg,512,384
train,trash,data\train\trash\trash38.jpg,512,384
train,trash,data\train\trash\trash39.jpg,512,384
train,trash,data\train\trash\trash4.jpg,512,384
train,trash,data\train\trash\trash40.jpg,512,384
train,trash,data\train\trash\trash43.jpg,512,384
train,trash,data\train\trash\trash45.jpg,512,384
train,trash,data\train\trash\trash46.jpg,512,384
train,trash,data\train\trash\trash49.jpg,512,384
train,trash,data\train\trash\trash5.jpg,512,384
train,trash,data\train\trash\trash51.jpg,512,384
train,trash,data\train\trash\trash52.jpg,512,384
train,trash,data\train\trash\trash54.jpg,512,384
train,trash,data\train\trash\trash56.jpg,512,384
train,trash,data\train\trash\trash57.jpg,512,384
train,trash,data\train\trash\trash58.jpg,512,384
train,trash,data\train\trash\trash6.jpg,512,384
train,trash,data\train\trash\trash60.jpg,512,384
train,trash,data\train\trash\trash61.jpg,512,384
train,trash,data\train\trash\trash62.jpg,512,384
train,trash,data\train\trash\trash63.jpg,512,384
train,trash,data\train\trash\trash64.jpg,512,384
train,trash,data\train\trash\trash68.jpg,512,384
train,trash,data\train\trash\trash7.jpg,512,384
train,trash,data\train\trash\trash70.jpg,512,384
train,trash,data\train\trash\trash72.jpg,512,384
train,trash,data\train\trash\trash73.jpg,512,384
train,trash,data\train\trash\trash74.jpg,512,384
train,trash,data\train\trash\trash75.jpg,512,384
train,trash,data\train\trash\trash77.jpg,512,384
train,trash,data\train\trash\trash78.jpg,512,384
train,trash,data\train\trash\trash80.jpg,512,384
train,trash,data\train\trash\trash82.jpg,512,384
train,trash,data\train\trash\trash83.jpg,512,384
train,trash,data\train\trash\trash84.jpg,512,384
train,trash,data\train\trash\trash86.jpg,512,384
train,trash,data\train\trash\trash87.jpg,512,384
train,trash,data\train\trash\trash88.jpg,512,384
train,trash,data\train\trash\trash9.jpg,512,384
train,trash,data\train\trash\trash90.jpg,512,384
train,trash,data\train\trash\trash94.jpg,512,384
train,trash,data\train\trash\trash99.jpg,512,384
val,cardboard,data\val\cardboard\cardboard12.jpg,512,384
val,cardboard,data\val\cardboard\cardboard124.jpg,512,384
val,cardboard,data\val\cardboard\cardboard129.jpg,512,384
val,cardboard,data\val\cardboard\cardboard130.jpg,512,384
val,cardboard,data\val\cardboard\cardboard131.jpg,512,384
val,cardboard,data\val\cardboard\cardboard145.jpg,512,384
val,cardboard,data\val\cardboard\cardboard162.jpg,512,384
val,cardboard,data\val\cardboard\cardboard165.jpg,512,384
val,cardboard,data\val\cardboard\cardboard174.jpg,512,384
val,cardboard,data\val\cardboard\cardboard178.jpg,512,384
val,cardboard,data\val\cardboard\cardboard188.jpg,512,384
val,cardboard,data\val\cardboard\cardboard196.jpg,512,384
val,cardboard,data\val\cardboard\cardboard197.jpg,512,384
val,cardboard,data\val\cardboard\cardboard203.jpg,512,384
val,cardboard,data\val\cardboard\cardboard204.jpg,512,384
val,cardboard,data\val\cardboard\cardboard212.jpg,512,384
val,cardboard,data\val\cardboard\cardboard22.jpg,512,384
val,cardboard,data\val\cardboard\cardboard221.jpg,512,384
val,cardboard,data\val\cardboard\cardboard222.jpg,512,384
val,cardboard,data\val\cardboard\cardboard223.jpg,512,384
val,cardboard,data\val\cardboard\cardboard232.jpg,512,384
val,cardboard,data\val\cardboard\cardboard244.jpg,512,384
val,cardboard,data\val\cardboard\cardboard249.jpg,512,384
val,cardboard,data\val\cardboard\cardboard262.jpg,512,384
val,cardboard,data\val\cardboard\cardboard266.jpg,512,384
val,cardboard,data\val\cardboard\cardboard267.jpg,512,384
val,cardboard,data\val\cardboard\cardboard27.jpg,512,384
val,cardboard,data\val\cardboard\cardboard281.jpg,512,384
val,cardboard,data\val\cardboard\cardboard283.jpg,512,384
val,cardboard,data\val\cardboard\cardboard284.jpg,512,384
val,cardboard,data\val\cardboard\cardboard297.jpg,512,384
val,cardboard,data\val\cardboard\cardboard308.jpg,512,384
val,cardboard,data\val\cardboard\cardboard31.jpg,512,384
val,cardboard,data\val\cardboard\cardboard311.jpg,512,384
val,cardboard,data\val\cardboard\cardboard329.jpg,512,384
val,cardboard,data\val\cardboard\cardboard333.jpg,512,384
val,cardboard,data\val\cardboard\cardboard345.jpg,512,384
val,cardboard,data\val\cardboard\cardboard347.jpg,512,384
val,cardboard,data\val\cardboard\cardboard356.jpg,512,384
val,cardboard,data\val\cardboard\cardboard360.jpg,512,384
val,cardboard,data\val\cardboard\cardboard365.jpg,512,384
val,cardboard,data\val\cardboard\cardboard374.jpg,512,384
val,cardboard,data\val\cardboard\cardboard379.jpg,512,384
val,cardboard,data\val\cardboard\cardboard38.jpg,512,384
val,cardboard,data\val\cardboard\cardboard384.jpg,512,384
val,cardboard,data\val\cardboard\cardboard392.jpg,512,384
val,cardboard,data\val\cardboard\cardboard397.jpg,512,384
val,cardboard,data\val\cardboard\cardboard42.jpg,512,384
val,cardboard,data\val\cardboard\cardboard47.jpg,512,384
val,cardboard,data\val\cardboard\cardboard52.jpg,512,384
val,cardboard,data\val\cardboard\cardboard57.jpg,512,384
val,cardboard,data\val\cardboard\cardboard62.jpg,512,384
val,cardboard,data\val\cardboard\cardboard69.jpg,512,384
val,cardboard,data\val\cardboard\cardboard70.jpg,512,384
val,cardboard,data\val\cardboard\cardboard77.jpg,512,384
val,cardboard,data\val\cardboard\cardboard80.jpg,512,384
val,cardboard,data\val\cardboard\cardboard84.jpg,512,384
val,cardboard,data\val\cardboard\cardboard92.jpg,512,384
val,cardboard,data\val\cardboard\cardboard94.jpg,512,384
val,cardboard,data\val\cardboard\cardboard99.jpg,512,384
val,glass,data\val\glass\glass1.jpg,512,384
val,glass,data\val\glass\glass111.jpg,512,384
val,glass,data\val\glass\glass116.jpg,512,384
val,glass,data\val\glass\glass130.jpg,512,384
val,glass,data\val\glass\glass149.jpg,512,384
val,glass,data\val\glass\glass152.jpg,512,384
val,glass,data\val\glass\glass156.jpg,512,384
val,glass,data\val\glass\glass172.jpg,512,384
val,glass,data\val\glass\glass187.jpg,512,384
val,glass,data\val\glass\glass188.jpg,512,384
val,glass,data\val\glass\glass19.jpg,512,384
val,glass,data\val\glass\glass191.jpg,512,384
val,glass,data\val\glass\glass200.jpg,512,384
val,glass,data\val\glass\glass201.jpg,512,384
val,glass,data\val\glass\glass203.jpg,512,384
val,glass,data\val\glass\glass216.jpg,512,384
val,glass,data\val\glass\glass219.jpg,512,384
val,glass,data\val\glass\glass220.jpg,512,384
val,glass,data\val\glass\glass221.jpg,512,384
val,glass,data\val\glass\glass227.jpg,512,384
val,glass,data\val\glass\glass237.jpg,512,384
val,glass,data\val\glass\glass24.jpg,512,384
val,glass,data\val\glass\glass241.jpg,512,384
val,glass,data\val\glass\glass243.jpg,512,384
val,glass,data\val\glass\glass250.jpg,512,384
val,glass,data\val\glass\glass251.jpg,512,384
val,glass,data\val\glass\glass258.jpg,512,384
val,glass,data\val\glass\glass260.jpg,512,384
val,glass,data\val\glass\glass275.jpg,512,384
val,glass,data\val\glass\glass277.jpg,512,384
val,glass,data\val\glass\glass283.jpg,512,384
val,glass,data\val\glass\glass3.jpg,512,384
val,glass,data\val\glass\glass30.jpg,512,384
val,glass,data\val\glass\glass310.jpg,512,384
val,glass,data\val\glass\glass315.jpg,512,384
val,glass,data\val\glass\glass332.jpg,512,384
val,glass,data\val\glass\glass333.jpg,512,384
val,glass,data\val\glass\glass334.jpg,512,384
val,glass,data\val\glass\glass339.jpg,512,384
val,glass,data\val\glass\glass346.jpg,512,384
val,glass,data\val\glass\glass347.jpg,512,384
val,glass,data\val\glass\glass365.jpg,512,384
val,glass,data\val\glass\glass367.jpg,512,384
val,glass,data\val\glass\glass374.jpg,512,384
val,glass,data\val\glass\glass379.jpg,512,384
val,glass,data\val\glass\glass387.jpg,512,384
val,glass,data\val\glass\glass395.jpg,512,384
val,glass,data\val\glass\glass402.jpg,512,384
val,glass,data\val\glass\glass404.jpg,512,384
val,glass,data\val\glass\glass405.jpg,512,384
val,glass,data\val\glass\glass408.jpg,512,384
val,glass,data\val\glass\glass411.jpg,512,384
val,glass,data\val\glass\glass415.jpg,512,384
val,glass,data\val\glass\glass422.jpg,512,384
val,glass,data\val\glass\glass425.jpg,512,384
val,glass,data\val\glass\glass435.jpg,512,384
val,glass,data\val\glass\glass441.jpg,512,384
val,glass,data\val\glass\glass451.jpg,512,384
val,glass,data\val\glass\glass453.jpg,512,384
val,glass,data\val\glass\glass455.jpg,512,384
val,glass,data\val\glass\glass461.jpg,512,384
val,glass,data\val\glass\glass462.jpg,512,384
val,glass,data\val\glass\glass464.jpg,512,384
val,glass,data\val\glass\glass471.jpg,512,384
val,glass,data\val\glass\glass476.jpg,512,384
val,glass,data\val\glass\glass478.jpg,512,384
val,glass,data\val\glass\glass48.jpg,512,384
val,glass,data\val\glass\glass490.jpg,512,384
val,glass,data\val\glass\glass491.jpg,512,384
val,glass,data\val\glass\glass53.jpg,512,384
val,glass,data\val\glass\glass6.jpg,512,384
val,glass,data\val\glass\glass60.jpg,512,384
val,glass,data\val\glass\glass72.jpg,512,384
val,glass,data\val\glass\glass82.jpg,512,384
val,glass,data\val\glass\glass9.jpg,512,384
val,metal,data\val\metal\metal10.jpg,512,384
val,metal,data\val\metal\metal108.jpg,512,384
val,metal,data\val\metal\metal110.jpg,512,384
val,metal,data\val\metal\metal113.jpg,512,384
val,metal,data\val\metal\metal117.jpg,512,384
val,metal,data\val\metal\metal131.jpg,512,384
val,metal,data\val\metal\metal133.jpg,512,384
val,metal,data\val\metal\metal140.jpg,512,384
val,metal,data\val\metal\metal156.jpg,512,384
val,metal,data\val\metal\metal164.jpg,512,384
val,metal,data\val\metal\metal175.jpg,512,384
val,metal,data\val\metal\metal179.jpg,512,384
val,metal,data\val\metal\metal18.jpg,512,384
val,metal,data\val\metal\metal190.jpg,512,384
val,metal,data\val\metal\metal204.jpg,512,384
val,metal,data\val\metal\metal205.jpg,512,384
val,metal,data\val\metal\metal206.jpg,512,384
val,metal,data\val\metal\metal214.jpg,512,384
val,metal,data\val\metal\metal221.jpg,512,384
val,metal,data\val\metal\metal222.jpg,512,384
val,metal,data\val\metal\metal224.jpg,512,384
val,metal,data\val\metal\metal229.jpg,512,384
val,metal,data\val\metal\metal231.jpg,512,384
val,metal,data\val\metal\metal240.jpg,512,384
val,metal,data\val\metal\metal248.jpg,512,384
val,metal,data\val\metal\metal285.jpg,512,384
val,metal,data\val\metal\metal288.jpg,512,384
val,metal,data\val\metal\metal295.jpg,512,384
val,metal,data\val\metal\metal299.jpg,512,384
val,metal,data\val\metal\metal300.jpg,512,384
val,metal,data\val\metal\metal308.jpg,512,384
val,metal,data\val\metal\metal314.jpg,512,384
val,metal,data\val\metal\metal326.jpg,512,384
val,metal,data\val\metal\metal33.jpg,512,384
val,metal,data\val\metal\metal338.jpg,512,384
val,metal,data\val\metal\metal348.jpg,512,384
val,metal,data\val\metal\metal35.jpg,512,384
val,metal,data\val\metal\metal353.jpg,512,384
val,metal,data\val\metal\metal364.jpg,512,384
val,metal,data\val\metal\metal373.jpg,512,384
val,metal,data\val\metal\metal395.jpg,512,384
val,metal,data\val\metal\metal399.jpg,512,384
val,metal,data\val\metal\metal400.jpg,512,384
val,metal,data\val\metal\metal404.jpg,512,384
val,metal,data\val\metal\metal405.jpg,512,384
val,metal,data\val\metal\metal44.jpg,512,384
val,metal,data\val\metal\metal45.jpg,512,384
val,metal,data\val\metal\metal47.jpg,512,384
val,metal,data\val\metal\metal49.jpg,512,384
val,metal,data\val\metal\metal52.jpg,512,384
val,metal,data\val\metal\metal54.jpg,512,384
val,metal,data\val\metal\metal57.jpg,512,384
val,metal,data\val\metal\metal59.jpg,512,384
val,metal,data\val\metal\metal6.jpg,512,384
val,metal,data\val\metal\metal62.jpg,512,384
val,metal,data\val\metal\metal70.jpg,512,384
val,metal,data\val\metal\metal72.jpg,512,384
val,metal,data\val\metal\metal81.jpg,512,384
val,metal,data\val\metal\metal89.jpg,512,384
val,metal,data\val\metal\metal97.jpg,512,384
val,metal,data\val\metal\metal98.jpg,512,384
val,paper,data\val\paper\paper119.jpg,512,384
val,paper,data\val\paper\paper127.jpg,512,384
val,paper,data\val\paper\paper128.jpg,512,384
val,paper,data\val\paper\paper132.jpg,512,384
val,paper,data\val\paper\paper136.jpg,512,384
val,paper,data\val\paper\paper142.jpg,512,384
val,paper,data\val\paper\paper144.jpg,512,384
val,paper,data\val\paper\paper149.jpg,512,384
val,paper,data\val\paper\paper151.jpg,512,384
val,paper,data\val\paper\paper167.jpg,512,384
val,paper,data\val\paper\paper200.jpg,512,384
val,paper,data\val\paper\paper203.jpg,512,384
val,paper,data\val\paper\paper220.jpg,512,384
val,paper,data\val\paper\paper225.jpg,512,384
val,paper,data\val\paper\paper234.jpg,512,384
val,paper,data\val\paper\paper238.jpg,512,384
val,paper,data\val\paper\paper243.jpg,512,384
val,paper,data\val\paper\paper247.jpg,512,384
val,paper,data\val\paper\paper249.jpg,512,384
val,paper,data\val\paper\paper255.jpg,512,384
val,paper,data\val\paper\paper266.jpg,512,384
val,paper,data\val\paper\paper275.jpg,512,384
val,paper,data\val\paper\paper283.jpg,512,384
val,paper,data\val\paper\paper284.jpg,512,384
val,paper,data\val\paper\paper29.jpg,512,384
val,paper,data\val\paper\paper293.jpg,512,384
val,paper,data\val\paper\paper296.jpg,512,384
val,paper,data\val\paper\paper298.jpg,512,384
val,paper,data\val\paper\paper303.jpg,512,384
val,paper,data\val\paper\paper305.jpg,512,384
val,paper,data\val\paper\paper307.jpg,512,384
val,paper,data\val\paper\paper308.jpg,512,384
val,paper,data\val\paper\paper31.jpg,512,384
val,paper,data\val\paper\paper318.jpg,512,384
val,paper,data\val\paper\paper32.jpg,512,384
val,paper,data\val\paper\paper325.jpg,512,384
val,paper,data\val\paper\paper330.jpg,512,384
val,paper,data\val\paper\paper331.jpg,512,384
val,paper,data\val\paper\paper335.jpg,512,384
val,paper,data\val\paper\paper339.jpg,512,384
val,paper,data\val\paper\paper341.jpg,512,384
val,paper,data\val\paper\paper343.jpg,512,384
val,paper,data\val\paper\paper351.jpg,512,384
val,paper,data\val\paper\paper369.jpg,512,384
val,paper,data\val\paper\paper372.jpg,512,384
val,paper,data\val\paper\paper374.jpg,512,384
val,paper,data\val\paper\paper382.jpg,512,384
val,paper,data\val\paper\paper387.jpg,512,384
val,paper,data\val\paper\paper391.jpg,512,384
val,paper,data\val\paper\paper396.jpg,512,384
val,paper,data\val\paper\paper4.jpg,512,384
val,paper,data\val\paper\paper402.jpg,512,384
val,paper,data\val\paper\paper415.jpg,512,384
val,paper,data\val\paper\paper422.jpg,512,384
val,paper,data\val\paper\paper427.jpg,512,384
val,paper,data\val\paper\paper431.jpg,512,384
val,paper,data\val\paper\paper434.jpg,512,384
val,paper,data\val\paper\paper435.jpg,512,384
val,paper,data\val\paper\paper442.jpg,512,384
val,paper,data\val\paper\paper453.jpg,512,384
val,paper,data\val\paper\paper458.jpg,512,384
val,paper,data\val\paper\paper460.jpg,512,384
val,paper,data\val\paper\paper465.jpg,512,384
val,paper,data\val\paper\paper480.jpg,512,384
val,paper,data\val\paper\paper49.jpg,512,384
val,paper,data\val\paper\paper495.jpg,512,384
val,paper,data\val\paper\paper498.jpg,512,384
val,paper,data\val\paper\paper499.jpg,512,384
val,paper,data\val\paper\paper513.jpg,512,384
val,paper,data\val\paper\paper516.jpg,512,384
val,paper,data\val\paper\paper52.jpg,512,384
val,paper,data\val\paper\paper535.jpg,512,384
val,paper,data\val\paper\paper538.jpg,512,384
val,paper,data\val\paper\paper539.jpg,512,384
val,paper,data\val\paper\paper547.jpg,512,384
val,paper,data\val\paper\paper560.jpg,512,384
val,paper,data\val\paper\paper562.jpg,512,384
val,paper,data\val\paper\paper573.jpg,512,384
val,paper,data\val\paper\paper582.jpg,512,384
val,paper,data\val\paper\paper585.jpg,512,384
val,paper,data\val\paper\paper60.jpg,512,384
val,paper,data\val\paper\paper63.jpg,512,384
val,paper,data\val\paper\paper68.jpg,512,384
val,paper,data\val\paper\paper72.jpg,512,384
val,paper,data\val\paper\paper77.jpg,512,384
val,paper,data\val\paper\paper82.jpg,512,384
val,paper,data\val\paper\paper84.jpg,512,384
val,paper,data\val\paper\paper86.jpg,512,384
val,paper,data\val\paper\paper90.jpg,512,384
val,plastic,data\val\plastic\plastic1.jpg,512,384
val,plastic,data\val\plastic\plastic108.jpg,512,384
val,plastic,data\val\plastic\plastic115.jpg,512,384
val,plastic,data\val\plastic\plastic118.jpg,512,384
val,plastic,data\val\plastic\plastic119.jpg,512,384
val,plastic,data\val\plastic\plastic13.jpg,512,384
val,plastic,data\val\plastic\plastic138.jpg,512,384
val,plastic,data\val\plastic\plastic147.jpg,512,384
val,plastic,data\val\plastic\plastic160.jpg,512,384
val,plastic,data\val\plastic\plastic161.jpg,512,384
val,plastic,data\val\plastic\plastic18.jpg,512,384
val,plastic,data\val\plastic\plastic183.jpg,512,384
val,plastic,data\val\plastic\plastic185.jpg,512,384
val,plastic,data\val\plastic\plastic187.jpg,512,384
val,plastic,data\val\plastic\plastic191.jpg,512,384
val,plastic,data\val\plastic\plastic192.jpg,512,384
val,plastic,data\val\plastic\plastic215.jpg,512,384
val,plastic,data\val\plastic\plastic234.jpg,512,384
val,plastic,data\val\plastic\plastic241.jpg,512,384
val,plastic,data\val\plastic\plastic244.jpg,512,384
val,plastic,data\val\plastic\plastic252.jpg,512,384
val,plastic,data\val\plastic\plastic255.jpg,512,384
val,plastic,data\val\plastic\plastic258.jpg,512,384
val,plastic,data\val\plastic\plastic261.jpg,512,384
val,plastic,data\val\plastic\plastic263.jpg,512,384
val,plastic,data\val\plastic\plastic265.jpg,512,384
val,plastic,data\val\plastic\plastic278.jpg,512,384
val,plastic,data\val\plastic\plastic279.jpg,512,384
val,plastic,data\val\plastic\plastic282.jpg,512,384
val,plastic,data\val\plastic\plastic291.jpg,512,384
val,plastic,data\val\plastic\plastic312.jpg,512,384
val,plastic,data\val\plastic\plastic317.jpg,512,384
val,plastic,data\val\plastic\plastic32.jpg,512,384
val,plastic,data\val\plastic\plastic332.jpg,512,384
val,plastic,data\val\plastic\plastic340.jpg,512,384
val,plastic,data\val\plastic\plastic341.jpg,512,384
val,plastic,data\val\plastic\plastic35.jpg,512,384
val,plastic,data\val\plastic\plastic350.jpg,512,384
val,plastic,data\val\plastic\plastic354.jpg,512,384
val,plastic,data\val\plastic\plastic362.jpg,512,384
val,plastic,data\val\plastic\plastic367.jpg,512,384
val,plastic,data\val\plastic\plastic382.jpg,512,384
val,plastic,data\val\plastic\plastic389.jpg,512,384
val,plastic,data\val\plastic\plastic392.jpg,512,384
val,plastic,data\val\plastic\plastic396.jpg,512,384
val,plastic,data\val\plastic\plastic398.jpg,512,384
val,plastic,data\val\plastic\plastic401.jpg,512,384
val,plastic,data\val\plastic\plastic405.jpg,512,384
val,plastic,data\val\plastic\plastic407.jpg,512,384
val,plastic,data\val\plastic\plastic414.jpg,512,384
val,plastic,data\val\plastic\plastic418.jpg,512,384
val,plastic,data\val\plastic\plastic431.jpg,512,384
val,plastic,data\val\plastic\plastic437.jpg,512,384
val,plastic,data\val\plastic\plastic441.jpg,512,384
val,plastic,data\val\plastic\plastic443.jpg,512,384
val,plastic,data\val\plastic\plastic444.jpg,512,384
val,plastic,data\val\plastic\plastic448.jpg,512,384
val,plastic,data\val\plastic\plastic453.jpg,512,384
val,plastic,data\val\plastic\plastic454.jpg,512,384
val,plastic,data\val\plastic\plastic456.jpg,512,384
val,plastic,data\val\plastic\plastic471.jpg,512,384
val,plastic,data\val\plastic\plastic473.jpg,512,384
val,plastic,data\val\plastic\plastic474.jpg,512,384
val,plastic,data\val\plastic\plastic475.jpg,512,384
val,plastic,data\val\plastic\plastic48.jpg,512,384
val,plastic,data\val\plastic\plastic480.jpg,512,384
val,plastic,data\val\plastic\plastic70.jpg,512,384
val,plastic,data\val\plastic\plastic74.jpg,512,384
val,plastic,data\val\plastic\plastic75.jpg,512,384
val,plastic,data\val\plastic\plastic78.jpg,512,384
val,plastic,data\val\plastic\plastic81.jpg,512,384
val,plastic,data\val\plastic\plastic9.jpg,512,384
val,trash,data\val\trash\trash101.jpg,512,384
val,trash,data\val\trash\trash104.jpg,512,384
val,trash,data\val\trash\trash118.jpg,512,384
val,trash,data\val\trash\trash125.jpg,512,384
val,trash,data\val\trash\trash129.jpg,512,384
val,trash,data\val\trash\trash3.jpg,512,384
val,trash,data\val\trash\trash30.jpg,512,384
val,trash,data\val\trash\trash36.jpg,512,384
val,trash,data\val\trash\trash41.jpg,512,384
val,trash,data\val\trash\trash47.jpg,512,384
val,trash,data\val\trash\trash48.jpg,512,384
val,trash,data\val\trash\trash50.jpg,512,384
val,trash,data\val\trash\trash65.jpg,512,384
val,trash,data\val\trash\trash69.jpg,512,384
val,trash,data\val\trash\trash71.jpg,512,384
val,trash,data\val\trash\trash79.jpg,512,384
val,trash,data\val\trash\trash81.jpg,512,384
val,trash,data\val\trash\trash91.jpg,512,384
val,trash,data\val\trash\trash95.jpg,512,384
val,trash,data\val\trash\trash98.jpg,512,384
